period,calculated_intake_mt,closing_stocks_mt,exports_mt,imports_mt,production_mt,stock_change_mt
2015-01-01,45.913,,0.173,28.126,17.943,-0.017
2015-02-01,41.47,,0.157,25.404,16.207,-0.016
2015-03-01,43.922,,0.75,26.81,18.065,0.203
2015-04-01,48.164,,0.44,30.29,17.5,-0.815
2015-05-01,41.924,,0.13,23.24,18.136,-0.678
2015-06-01,48.548,,0.04,29.49,18.116,-0.981
2015-07-01,49.285,,0.33,30.71,18.103,-0.802
2015-08-01,44.686,,0.22,26.59,18.167,-0.149
2015-09-01,45.596,,0.05,27.95,17.741,0.045
2015-10-01,46.246,,0.0,26.35,18.087,-1.809
2015-11-01,46.438,,0.32,27.34,17.66,-1.758
2015-12-01,53.017,,0.25,33.19,18.154,-1.923
2016-01-01,47.234,,0.093,30.22,17.622,0.515
2016-02-01,44.187,,0.087,28.27,16.485,0.482
2016-03-01,49.337,,0.63,32.61,17.37,0.013
2016-04-01,48.989,,0.26,32.58,16.59,-0.079
2016-05-01,48.91,,0.0,32.24,16.871,0.201
2016-06-01,47.046,,0.14,30.62,16.58,0.014
2016-07-01,47.929,,0.25,31.07,16.723,-0.386
2016-08-01,49.084,,0.22,32.85,16.45,-0.004
2016-09-01,48.154,,0.43,33.06,15.975,0.451
2016-10-01,44.957,,0.29,28.79,16.051,-0.406
2016-11-01,48.623,,0.19,32.35,16.09,-0.373
2016-12-01,52.814,,0.34,36.38,16.772,-0.002
2017-01-01,50.451,,0.284,34.562,16.521,0.349
2017-02-01,45.569,,0.256,31.218,14.923,0.315
2017-03-01,54.546,,1.24,38.95,16.575,-0.261
2017-04-01,50.161,,0.36,34.39,15.99,-0.141
2017-05-01,53.143,,0.23,37.2,16.263,0.09
2017-06-01,51.564,,0.32,36.11,16.212,0.438
2017-07-01,50.706,,0.19,34.74,16.249,0.093
2017-08-01,50.103,,0.26,33.98,15.957,-0.426
2017-09-01,52.727,,0.45,37.01,15.529,-0.638
2017-10-01,46.909,,0.27,31.03,16.006,-0.143
2017-11-01,53.756,,0.85,37.04,15.699,-1.867
2017-12-01,48.14,,0.16,33.7,15.984,1.384
2018-01-01,54.17,,0.226,38.303,15.96,-0.133
2018-02-01,48.928,,0.204,34.597,14.415,-0.12
2018-03-01,54.955,,0.5,39.17,15.956,-0.329
2018-04-01,55.224,,0.23,39.46,15.51,-0.484
2018-05-01,54.056,,0.2,39.05,15.973,0.767
2018-06-01,49.113,,0.21,34.35,15.846,0.873
2018-07-01,51.359,,0.15,36.02,15.855,0.366
2018-08-01,53.67,,0.19,38.38,15.997,0.517
2018-09-01,52.296,,0.29,37.21,15.176,-0.2
2018-10-01,54.989,,0.14,38.88,16.089,-0.16
2018-11-01,58.255,,0.26,42.87,15.534,-0.111
2018-12-01,60.831,,0.03,43.78,16.333,-0.748
2019-01-01,58.782,,0.0,43.316,16.249,0.783
2019-02-01,52.251,,,38.504,14.443,0.696
2019-03-01,54.434,,0.32,39.34,16.542,1.128
2019-04-01,60.061,,0.0,43.73,15.711,-0.62
2019-05-01,57.46,,0.04,40.23,16.23,-1.04
2019-06-01,55.422,,0.13,39.58,16.1,0.128
2019-07-01,56.579,,0.18,41.04,16.287,0.568
2019-08-01,58.573,,0.0,42.17,16.182,-0.221
2019-09-01,58.215,,0.08,41.24,15.643,-1.412
2019-10-01,61.897,,0.0,45.51,16.113,-0.274
2019-11-01,60.923,,0.05,45.74,15.704,0.471
2019-12-01,62.65,,0.0,45.48,16.065,-1.105
2020-01-01,58.503,,0.031,44.13,16.404,2.001
2020-02-01,55.625,,0.03,41.96,15.598,1.902
2020-03-01,56.883,,0.14,41.1,16.563,0.64
2020-04-01,60.225,,0.0,40.43,15.875,-3.92
2020-05-01,65.31,,0.0,47.97,16.46,-0.88
2020-06-01,69.904,,0.068,53.18,16.242,-0.55
2020-07-01,65.987,,0.176,51.29,16.463,1.59
2020-08-01,62.929,,0.232,47.48,16.651,0.97
2020-09-01,67.533,,0.322,48.482,16.096,-3.277
2020-10-01,58.903,,0.069,42.56,16.412,
2020-11-01,61.008,,0.317,45.36,15.965,
2020-12-01,54.486,,0.252,38.47,16.268,
2021-01-01,61.545,,0.183,45.449,16.279,
2021-02-01,59.747,,0.177,44.121,15.803,
2021-03-01,66.687,,0.066,49.659,17.094,
2021-04-01,56.767,,,40.36,16.407,
2021-05-01,57.996,,,40.968,17.028,
2021-06-01,56.638,,0.165,40.135,16.668,
2021-07-01,57.518,,0.594,41.24,16.872,
2021-08-01,61.558,,,44.53,17.028,
2021-09-01,57.582,,0.079,41.05,16.61,
2021-10-01,54.541,,0.085,37.8,16.826,
2021-11-01,57.368,,0.733,41.79,16.311,
2021-12-01,62.083,,0.525,46.14,16.468,
2022-01-01,58.999,,0.091,42.414,16.676,
2022-02-01,59.432,,0.092,42.726,16.798,
2022-03-01,60.423,,0.0,42.71,17.713,
2022-04-01,59.858,,0.168,43.03,16.996,
2022-05-01,63.387,,0.0,45.82,17.567,
2022-06-01,52.8,,0.214,35.819,17.195,
2022-07-01,54.408,,0.046,37.328,17.126,
2022-08-01,56.809,,0.486,40.354,16.941,
2022-09-01,56.327,,0.724,40.242,16.809,
2022-10-01,60.17,,0.19,43.14,17.22,
2022-11-01,63.523,,0.0,46.74,16.783,
2022-12-01,64.891,,0.043,48.065,16.869,
2023-01-01,59.099,,0.039,42.045,17.092,0.0
2023-02-01,59.061,,0.039,42.019,17.082,0.0
2023-03-01,70.22,,0.271,52.308,18.183,
2023-04-01,59.684,,0.0,42.407,17.277,
2023-05-01,69.354,,0.164,51.444,18.074,
2023-06-01,69.464,,0.123,52.062,17.525,
2023-07-01,60.757,,0.242,43.686,17.313,
2023-08-01,70.042,,0.233,52.804,17.471,
2023-09-01,62.478,,0.134,45.74,16.872,
2023-10-01,66.294,,0.0,48.969,17.325,
2023-11-01,59.56,,0.086,42.445,17.201,
2023-12-01,65.919,,0.089,48.361,17.647,
2024-01-01,65.671,,0.0,46.99,18.682,
2024-02-01,57.746,,0.0,41.318,16.427,
2024-03-01,67.361,,0.062,49.052,18.371,
2024-04-01,61.922,,0.264,44.719,17.467,
2024-05-01,65.114,,0.0,46.967,18.147,
2024-06-01,64.323,,0.076,46.453,17.946,
2024-07-01,60.201,,0.038,42.338,17.901,
2024-08-01,66.398,,0.54,49.103,17.835,
2024-09-01,62.316,,0.243,45.488,17.071,
2024-10-01,62.266,,0.198,44.696,17.768,
2024-11-01,65.518,,0.252,48.521,17.248,
2024-12-01,65.326,,0.417,47.841,17.902,
2025-01-01,61.662,,0.669,43.963,18.369,
2025-02-01,55.953,,0.607,39.892,16.669,
2025-03-01,69.748,,0.409,51.133,19.025,
2025-04-01,65.575,,0.201,48.051,17.724,
2025-05-01,64.892,,0.177,46.6,18.469,
2025-06-01,66.823,,1.258,49.883,18.198,
2025-07-01,65.006,,0.319,47.201,18.124,
2025-08-01,67.589,,0.159,49.492,18.256,
2025-09-01,64.54,,0.148,46.914,17.775,
2025-10-01,66.19,,0.172,48.357,18.005,
2025-11-01,68.438,,0.079,50.891,17.627,
2025-12-01,73.678,,0.079,55.963,17.795,
2026-01-01,69.515,,0.103,50.866,18.752,0.0
2026-02-01,62.957,,0.093,46.068,16.982,0.0
2026-03-01,68.85,,0.199,49.982,19.067,
2026-04-01,56.122,,0.293,38.471,17.943,
2026-05-01,51.272,,0.377,33.081,18.568,
2026-06-01,47.136,,0.253,29.272,18.117,
2026-07-01,53.749,,0.243,35.726,18.266,
