period,processing_mt,publication_date,source_url,flags
2019-08,54,2019-09-17,https://www.stats.gov.cn/english/PressRelease/201909/t20190917_1698020.html,web_verified_transcription
2019-09,56.49,2019-10-21,https://www.stats.gov.cn/english/PressRelease/201910/t20191021_1704242.html,web_verified_transcription
2019-10,57.84,2019-11-15,https://www.stats.gov.cn/english/PressRelease/201911/t20191115_1709623.html,web_verified_transcription
2019-11,56.08,2019-12-17,https://www.stats.gov.cn/english/PressRelease/201912/t20191217_1718006.html,web_verified_transcription
2019-12,58.51,2020-01-19,https://www.stats.gov.cn/english/PressRelease/202001/t20200119_1723660.html,web_verified_transcription
2020-03,50.04,2020-04-20,https://www.stats.gov.cn/english/PressRelease/202004/t20200420_1739767.html,web_verified_transcription
2020-04,53.85,2020-05-18,https://www.stats.gov.cn/english/PressRelease/202005/t20200518_1745981.html,web_verified_transcription
2020-05,57.9,2020-06-16,https://www.stats.gov.cn/english/PressRelease/202006/t20200616_1760489.html,web_verified_transcription
2020-06,57.87,2020-07-17,https://www.stats.gov.cn/english/PressRelease/202007/t20200716_1776344.html,web_verified_transcription
2020-07,59.56,2020-08-17,https://www.stats.gov.cn/english/PressRelease/202008/t20200817_1783523.html,web_verified_transcription
2020-08,59.47,2020-09-16,https://www.stats.gov.cn/english/PressRelease/202009/t20200916_1789803.html,web_verified_transcription
2020-09,57.35,2020-10-20,https://www.stats.gov.cn/english/PressRelease/202010/t20201020_1794981.html,web_verified_transcription
2020-10,59.82,2020-11-17,https://www.stats.gov.cn/english/PressRelease/202011/t20201117_1803448.html,web_verified_transcription
2020-11,58.35,2020-12-16,https://www.stats.gov.cn/english/PressRelease/202012/t20201216_1809617.html,web_verified_transcription
2020-12,60,2021-01-19,https://www.stats.gov.cn/english/PressRelease/202101/t20210119_1812521.html,web_verified_transcription
2021-03,59.79,2021-04-19,https://www.stats.gov.cn/english/PressRelease/202104/t20210419_1816561.html,web_verified_transcription
2021-04,57.9,2021-05-18,https://www.stats.gov.cn/english/PressRelease/202105/t20210518_1817631.html,web_verified_transcription
2021-05,60.5,2021-06-17,https://www.stats.gov.cn/english/PressRelease/202106/t20210617_1818522.html,web_verified_transcription
2021-06,60.82,2021-07-16,https://www.stats.gov.cn/english/PressRelease/202107/t20210716_1819562.html,web_verified_transcription
2021-07,59.06,2021-08-17,https://www.stats.gov.cn/english/PressRelease/202108/t20210817_1820687.html,web_verified_transcription
2021-08,58.35,2021-09-16,https://www.stats.gov.cn/english/PressRelease/202109/t20210916_1822209.html,web_verified_transcription
2021-09,56.07,2021-10-19,https://www.stats.gov.cn/english/PressRelease/202110/t20211019_1823038.html,web_verified_transcription
2021-10,58.4,2021-11-16,https://www.stats.gov.cn/english/PressRelease/202111/t20211116_1824587.html,web_verified_transcription
2021-11,59.64,2021-12-16,https://www.stats.gov.cn/english/PressRelease/202112/t20211216_1825429.html,web_verified_transcription
2021-12,58.73,2022-01-18,https://www.stats.gov.cn/english/PressRelease/202201/t20220118_1826644.html,web_verified_transcription
2022-03,58.59,2022-04-19,https://www.stats.gov.cn/english/PressRelease/202204/t20220419_1829881.html,web_verified_transcription
2022-04,51.81,2022-05-17,https://www.stats.gov.cn/english/PressRelease/202205/t20220517_1857526.html,web_verified_transcription
2022-05,53.92,2022-06-17,https://www.stats.gov.cn/english/PressRelease/202206/t20220617_1858450.html,web_verified_transcription
2022-06,54.94,2022-07-18,https://www.stats.gov.cn/english/PressRelease/202207/t20220718_1886648.html,web_verified_transcription
2022-07,53.21,2022-08-16,https://www.stats.gov.cn/english/PressRelease/202208/t20220816_1887430.html,web_verified_transcription
2022-08,53.66,2022-09-16,https://www.stats.gov.cn/english/PressRelease/202209/t20220916_1888411.html,web_verified_transcription
2022-09,56.81,2022-10-25,https://www.stats.gov.cn/english/PressRelease/202210/t20221025_1889669.html,web_verified_transcription
2022-10,58.62,2022-11-16,https://www.stats.gov.cn/english/PressRelease/202211/t20221116_1890346.html,web_verified_transcription
2022-11,59.61,2022-12-16,https://www.stats.gov.cn/english/PressRelease/202212/t20221226_1891220.html,web_verified_transcription
2022-12,59.88,2023-01-18,https://www.stats.gov.cn/english/PressRelease/202301/t20230118_1892302.html,web_verified_transcription
