period,calculated_intake_mt,closing_stocks_mt,exports_mt,imports_mt,production_mt,stock_change_mt,processing_mt,publication_date,indicative_residual_mt
2015-01-01,45.913,,0.173,28.126,17.943,-0.017,,,
2015-02-01,41.47,,0.157,25.404,16.207,-0.016,,,
2015-03-01,43.922,,0.75,26.81,18.065,0.203,,,
2015-04-01,48.164,,0.44,30.29,17.5,-0.815,,,
2015-05-01,41.924,,0.13,23.24,18.136,-0.678,,,
2015-06-01,48.548,,0.04,29.49,18.116,-0.981,,,
2015-07-01,49.285,,0.33,30.71,18.103,-0.802,,,
2015-08-01,44.686,,0.22,26.59,18.167,-0.149,,,
2015-09-01,45.596,,0.05,27.95,17.741,0.045,,,
2015-10-01,46.246,,0.0,26.35,18.087,-1.809,,,
2015-11-01,46.438,,0.32,27.34,17.66,-1.758,,,
2015-12-01,53.017,,0.25,33.19,18.154,-1.923,45.83,2016-01-19,5.263999999999996
2016-01-01,47.234,,0.093,30.22,17.622,0.515,,,
2016-02-01,44.187,,0.087,28.27,16.485,0.482,,,
2016-03-01,49.337,,0.63,32.61,17.37,0.013,,,
2016-04-01,48.989,,0.26,32.58,16.59,-0.079,,,
2016-05-01,48.91,,0.0,32.24,16.871,0.201,,,
2016-06-01,47.046,,0.14,30.62,16.58,0.014,,,
2016-07-01,47.929,,0.25,31.07,16.723,-0.386,,,
2016-08-01,49.084,,0.22,32.85,16.45,-0.004,,,
2016-09-01,48.154,,0.43,33.06,15.975,0.451,,,
2016-10-01,44.957,,0.29,28.79,16.051,-0.406,,,
2016-11-01,48.623,,0.19,32.35,16.09,-0.373,,,
2016-12-01,52.814,,0.34,36.38,16.772,-0.002,,,
2017-01-01,50.451,,0.284,34.562,16.521,0.349,,,
2017-02-01,45.569,,0.256,31.218,14.923,0.315,,,
2017-03-01,54.546,,1.24,38.95,16.575,-0.261,,,
2017-04-01,50.161,,0.36,34.39,15.99,-0.141,,,
2017-05-01,53.143,,0.23,37.2,16.263,0.09,,,
2017-06-01,51.564,,0.32,36.11,16.212,0.438,,,
2017-07-01,50.706,,0.19,34.74,16.249,0.093,,,
2017-08-01,50.103,,0.26,33.98,15.957,-0.426,,,
2017-09-01,52.727,,0.45,37.01,15.529,-0.638,,,
2017-10-01,46.909,,0.27,31.03,16.006,-0.143,,,
2017-11-01,53.756,,0.85,37.04,15.699,-1.867,,,
2017-12-01,48.14,,0.16,33.7,15.984,1.384,,,
2018-01-01,54.17,,0.226,38.303,15.96,-0.133,,,
2018-02-01,48.928,,0.204,34.597,14.415,-0.12,,,
2018-03-01,54.955,,0.5,39.17,15.956,-0.329,,,
2018-04-01,55.224,,0.23,39.46,15.51,-0.484,,,
2018-05-01,54.056,,0.2,39.05,15.973,0.767,,,
2018-06-01,49.113,,0.21,34.35,15.846,0.873,,,
2018-07-01,51.359,,0.15,36.02,15.855,0.366,,,
2018-08-01,53.67,,0.19,38.38,15.997,0.517,,,
2018-09-01,52.296,,0.29,37.21,15.176,-0.2,,,
2018-10-01,54.989,,0.14,38.88,16.089,-0.16,,,
2018-11-01,58.255,,0.26,42.87,15.534,-0.111,,,
2018-12-01,60.831,,0.03,43.78,16.333,-0.748,,,
2019-01-01,58.782,,0.0,43.316,16.249,0.783,,,
2019-02-01,52.251,,,38.504,14.443,0.696,,,
2019-03-01,54.434,,0.32,39.34,16.542,1.128,,,
2019-04-01,60.061,,0.0,43.73,15.711,-0.62,,,
2019-05-01,57.46,,0.04,40.23,16.23,-1.04,,,
2019-06-01,55.422,,0.13,39.58,16.1,0.128,,,
2019-07-01,56.579,,0.18,41.04,16.287,0.568,,,
2019-08-01,58.573,,0.0,42.17,16.182,-0.221,54.0,2019-09-17,4.352000000000004
2019-09-01,58.215,,0.08,41.24,15.643,-1.412,56.49,2019-10-21,0.3130000000000024
2019-10-01,61.897,,0.0,45.51,16.113,-0.274,57.84,2019-11-15,3.782999999999994
2019-11-01,60.923,,0.05,45.74,15.704,0.471,56.08,2019-12-17,5.314000000000007
2019-12-01,62.65,,0.0,45.48,16.065,-1.105,58.51,2020-01-19,3.0350000000000037
2020-01-01,58.503,,0.031,44.13,16.404,2.001,,,
2020-02-01,55.625,,0.03,41.96,15.598,1.902,,,
2020-03-01,56.883,,0.14,41.1,16.563,0.64,50.04,2020-04-20,7.482999999999997
2020-04-01,60.225,,0.0,40.43,15.875,-3.92,53.85,2020-05-18,2.4549999999999983
2020-05-01,65.31,,0.0,47.97,16.46,-0.88,57.9,2020-06-16,6.530000000000008
2020-06-01,69.904,,0.068,53.18,16.242,-0.55,57.87,2020-07-17,11.484000000000002
2020-07-01,65.987,,0.176,51.29,16.463,1.59,59.56,2020-08-17,8.016999999999996
2020-08-01,62.929,,0.232,47.48,16.651,0.97,59.47,2020-09-16,4.429000000000002
2020-09-01,67.533,,0.322,48.482,16.096,-3.277,57.35,2020-10-20,6.905999999999999
2020-10-01,58.903,,0.069,42.56,16.412,,59.82,2020-11-17,-0.9170000000000016
2020-11-01,61.008,,0.317,45.36,15.965,,58.35,2020-12-16,2.6580000000000013
2020-12-01,54.486,,0.252,38.47,16.268,,60.0,2021-01-19,-5.514000000000003
2021-01-01,61.545,,0.183,45.449,16.279,,,,
2021-02-01,59.747,,0.177,44.121,15.803,,,,
2021-03-01,66.687,,0.066,49.659,17.094,,59.79,2021-04-19,6.8969999999999985
2021-04-01,56.767,,,40.36,16.407,,57.9,2021-05-18,
2021-05-01,57.996,,,40.968,17.028,,60.5,2021-06-17,
2021-06-01,56.638,,0.165,40.135,16.668,,60.82,2021-07-16,-4.182000000000002
2021-07-01,57.518,,0.594,41.24,16.872,,59.06,2021-08-17,-1.5420000000000016
2021-08-01,61.558,,,44.53,17.028,,58.35,2021-09-16,
2021-09-01,57.582,,0.079,41.05,16.61,,56.07,2021-10-19,1.5109999999999957
2021-10-01,54.541,,0.085,37.8,16.826,,58.4,2021-11-16,-3.8590000000000018
2021-11-01,57.368,,0.733,41.79,16.311,,59.64,2021-12-16,-2.2719999999999985
2021-12-01,62.083,,0.525,46.14,16.468,,58.73,2022-01-18,3.3530000000000086
2022-01-01,58.999,,0.091,42.414,16.676,,,,
2022-02-01,59.432,,0.092,42.726,16.798,,,,
2022-03-01,60.423,,0.0,42.71,17.713,,58.59,2022-04-19,1.8329999999999984
2022-04-01,59.858,,0.168,43.03,16.996,,51.81,2022-05-17,8.047999999999995
2022-05-01,63.387,,0.0,45.82,17.567,,53.92,2022-06-17,9.466999999999999
2022-06-01,52.8,,0.214,35.819,17.195,,54.94,2022-07-18,-2.1399999999999935
2022-07-01,54.408,,0.046,37.328,17.126,,53.21,2022-08-16,1.1980000000000075
2022-08-01,56.809,,0.486,40.354,16.941,,53.66,2022-09-16,3.149000000000008
2022-09-01,56.327,,0.724,40.242,16.809,,56.81,2022-10-25,-0.482999999999997
2022-10-01,60.17,,0.19,43.14,17.22,,58.62,2022-11-16,1.5500000000000043
2022-11-01,63.523,,0.0,46.74,16.783,,59.61,2022-12-16,3.913000000000004
2022-12-01,64.891,,0.043,48.065,16.869,,59.88,2023-01-18,5.010999999999989
2023-01-01,59.099,,0.039,42.045,17.092,0.0,,,
2023-02-01,59.061,,0.039,42.019,17.082,0.0,,,
2023-03-01,70.22,,0.271,52.308,18.183,,63.29,2023-04-18,6.93
2023-04-01,59.684,,0.0,42.407,17.277,,61.14,2023-05-16,-1.456000000000003
2023-05-01,69.354,,0.164,51.444,18.074,,62.0,2023-06-15,7.353999999999999
2023-06-01,69.464,,0.123,52.062,17.525,,60.95,2023-07-17,8.513999999999982
2023-07-01,60.757,,0.242,43.686,17.313,,63.13,2023-08-15,-2.3730000000000047
2023-08-01,70.042,,0.233,52.804,17.471,,64.69,2023-09-15,5.352000000000004
2023-09-01,62.478,,0.134,45.74,16.872,,63.62,2023-10-18,-1.141999999999996
2023-10-01,66.294,,0.0,48.969,17.325,,63.93,2023-11-15,2.363999999999997
2023-11-01,59.56,,0.086,42.445,17.201,,59.53,2023-12-15,0.030000000000001137
2023-12-01,65.919,,0.089,48.361,17.647,,60.11,2024-01-17,5.8089999999999975
2024-01-01,65.671,,0.0,46.99,18.682,,,2024-03-18,
2024-02-01,57.746,,0.0,41.318,16.427,,,2024-03-18,
2024-03-01,67.361,,0.062,49.052,18.371,,63.78,2024-04-16,3.581000000000003
2024-04-01,61.922,,0.264,44.719,17.467,,58.79,2024-05-17,3.131999999999998
2024-05-01,65.114,,0.0,46.967,18.147,,60.52,2024-06-17,4.594000000000001
2024-06-01,64.323,,0.076,46.453,17.946,,58.32,2024-07-15,6.003000000000007
2024-07-01,60.201,,0.038,42.338,17.901,,59.06,2024-08-15,1.1410000000000053
2024-08-01,66.398,,0.54,49.103,17.835,,59.07,2024-09-14,7.327999999999996
2024-09-01,62.316,,0.243,45.488,17.071,,58.73,2024-10-18,3.5859999999999985
2024-10-01,62.266,,0.198,44.696,17.768,,59.54,2024-11-15,2.725999999999999
2024-11-01,65.518,,0.252,48.521,17.248,,58.51,2024-12-16,7.007000000000012
2024-12-01,65.326,,0.417,47.841,17.902,,59.35,2025-01-17,5.975999999999992
2025-01-01,61.662,,0.669,43.963,18.369,,,2025-03-17,
2025-02-01,55.953,,0.607,39.892,16.669,,,2025-03-17,
2025-03-01,69.748,,0.409,51.133,19.025,,63.06,2025-04-16,6.688999999999993
2025-04-01,65.575,,0.201,48.051,17.724,,58.03,2025-05-19,7.544000000000011
2025-05-01,64.892,,0.177,46.6,18.469,,59.11,2025-06-16,5.7819999999999965
2025-06-01,66.823,,1.258,49.883,18.198,,62.24,2025-07-15,4.5830000000000055
2025-07-01,65.006,,0.319,47.201,18.124,,63.06,2025-08-15,1.945999999999998
2025-08-01,67.589,,0.159,49.492,18.256,,63.46,2025-09-15,4.128999999999984
2025-09-01,64.54,,0.148,46.914,17.775,,62.69,2025-10-20,1.850999999999999
2025-10-01,66.19,,0.172,48.357,18.005,,63.43,2025-11-14,2.759999999999998
2025-11-01,68.438,,0.079,50.891,17.627,,60.83,2025-12-15,7.609000000000009
2025-12-01,73.678,,0.079,55.963,17.795,,62.46,2026-01-19,11.219000000000015
2026-01-01,69.515,,0.103,50.866,18.752,0.0,,2026-03-16,
2026-02-01,62.957,,0.093,46.068,16.982,0.0,,2026-03-16,
2026-03-01,68.85,,0.199,49.982,19.067,,61.67,2026-04-16,7.180000000000007
2026-04-01,56.122,,0.293,38.471,17.943,,54.65,2026-05-18,1.4710000000000036
2026-05-01,51.272,,0.377,33.081,18.568,,53.72,2026-06-16,-2.4480000000000004
2026-06-01,47.136,,0.253,29.272,18.117,,51.24,2026-07-15,-4.104000000000006
2026-07-01,53.749,,0.243,35.726,18.266,,53.11,2026-08-17,0.6389999999999958
