year,series,rows,numeric,not_assessed
2015,calculated_intake_mt,12,12,0
2015,closing_stocks_mt,12,0,12
2015,exports_mt,12,12,0
2015,imports_mt,12,12,0
2015,production_mt,12,12,0
2015,stock_change_mt,12,12,0
2016,calculated_intake_mt,12,12,0
2016,closing_stocks_mt,12,0,12
2016,exports_mt,12,12,0
2016,imports_mt,12,12,0
2016,production_mt,12,12,0
2016,stock_change_mt,12,12,0
2017,calculated_intake_mt,12,12,0
2017,closing_stocks_mt,12,0,12
2017,exports_mt,12,12,0
2017,imports_mt,12,12,0
2017,production_mt,12,12,0
2017,stock_change_mt,12,12,0
2018,calculated_intake_mt,12,12,0
2018,closing_stocks_mt,12,0,12
2018,exports_mt,12,12,0
2018,imports_mt,12,12,0
2018,production_mt,12,12,1
2018,stock_change_mt,12,12,0
2019,calculated_intake_mt,12,12,0
2019,closing_stocks_mt,12,0,12
2019,exports_mt,12,11,1
2019,imports_mt,12,12,0
2019,production_mt,12,12,0
2019,stock_change_mt,12,12,0
2020,calculated_intake_mt,12,12,0
2020,closing_stocks_mt,12,0,12
2020,exports_mt,12,12,0
2020,imports_mt,12,12,0
2020,production_mt,12,12,0
2020,stock_change_mt,12,9,3
2021,calculated_intake_mt,12,12,0
2021,closing_stocks_mt,12,0,12
2021,exports_mt,12,9,4
2021,imports_mt,12,12,0
2021,production_mt,12,12,0
2021,stock_change_mt,12,0,12
2022,calculated_intake_mt,12,12,12
2022,closing_stocks_mt,12,0,12
2022,exports_mt,12,12,4
2022,imports_mt,12,12,0
2022,production_mt,12,12,0
2022,stock_change_mt,12,0,12
2023,calculated_intake_mt,12,12,12
2023,closing_stocks_mt,12,0,12
2023,exports_mt,12,12,10
2023,imports_mt,12,12,10
2023,production_mt,12,12,10
2023,stock_change_mt,12,2,10
2024,calculated_intake_mt,12,12,12
2024,closing_stocks_mt,12,0,12
2024,exports_mt,12,12,12
2024,imports_mt,12,12,12
2024,production_mt,12,12,12
2024,stock_change_mt,12,0,12
2025,calculated_intake_mt,12,12,12
2025,closing_stocks_mt,12,0,12
2025,exports_mt,12,12,12
2025,imports_mt,12,12,12
2025,production_mt,12,12,12
2025,stock_change_mt,12,0,12
2026,calculated_intake_mt,7,7,7
2026,closing_stocks_mt,7,0,7
2026,exports_mt,7,7,7
2026,imports_mt,7,7,7
2026,production_mt,7,7,7
2026,stock_change_mt,7,2,7
