lag,horizon,model,n,mae_mt,rmse_mt,interval_n,coverage90
2,1,persistence,29,4.656586206896552,6.487795207554906,7,0.42857142857142855
2,1,ridge,29,4.337897198401893,5.937485026301832,7,0.2857142857142857
2,1,ridge_imports_only,29,4.5538951528279314,5.873006241385331,7,0.2857142857142857
2,1,seasonal_naive,29,4.624793103448278,6.41044955925278,7,0.2857142857142857
2,2,persistence,27,5.293777777777779,7.48206771282239,5,0.2
2,2,ridge,27,4.707666249609823,6.6025376374626115,5,0.2
2,2,ridge_imports_only,27,4.9220238221948875,6.435266782249,5,0.2
2,2,seasonal_naive,27,4.547851851851853,6.462188592683397,5,0.2
2,3,persistence,25,4.8206,7.7949393660246,3,0.0
2,3,ridge,25,4.332871656227692,6.52667113916391,3,0.0
2,3,ridge_imports_only,25,5.089332071331619,6.707944144303982,3,0.0
2,3,seasonal_naive,25,4.728040000000001,6.660276741998039,3,0.0
3,1,persistence,27,5.293777777777779,7.48206771282239,5,0.2
3,1,ridge,27,4.726656558492596,6.54811642981196,5,0.2
3,1,ridge_imports_only,27,4.861420686590628,6.344516172062228,5,0.2
3,1,seasonal_naive,27,4.547851851851853,6.462188592683397,5,0.2
3,2,persistence,25,4.8206,7.7949393660246,3,0.0
3,2,ridge,25,4.21256903912584,6.447815602823128,3,0.0
3,2,ridge_imports_only,25,5.080832136809446,6.686549870867696,3,0.0
3,2,seasonal_naive,25,4.728040000000001,6.660276741998039,3,0.0
3,3,persistence,25,5.85,8.35531539560297,2,0.0
3,3,ridge,25,4.940348728398016,6.804907103142612,2,0.0
3,3,ridge_imports_only,25,5.165270704061439,6.815514466022433,2,0.0
3,3,seasonal_naive,25,4.728040000000001,6.660276741998039,2,0.0
