origin,target,horizon,lag,model,actual_mt,prediction_mt,lower90,upper90,train_n,error
2023-08-01,2023-09-01,1,2,ridge,45.74,43.11207780889192,,,36,-2.627922191108084
2023-08-01,2023-09-01,1,2,ridge_imports_only,45.74,43.787803545295375,,,36,-1.9521964547046267
2023-08-01,2023-09-01,1,2,seasonal_naive,45.74,40.242,,,36,-5.498000000000005
2023-08-01,2023-09-01,1,2,persistence,45.74,52.062,,,36,6.321999999999996
2023-09-01,2023-10-01,1,2,ridge,48.969,42.50201981881734,,,37,-6.466980181182663
2023-09-01,2023-10-01,1,2,ridge_imports_only,48.969,43.162663294920456,,,37,-5.806336705079545
2023-09-01,2023-10-01,1,2,seasonal_naive,48.969,43.14,,,37,-5.829000000000001
2023-09-01,2023-10-01,1,2,persistence,48.969,43.686,,,37,-5.283000000000001
2023-10-01,2023-11-01,1,2,ridge,42.445,45.48630229679646,,,38,3.0413022967964594
2023-10-01,2023-11-01,1,2,ridge_imports_only,42.445,45.2451847418279,,,38,2.8001847418278984
2023-10-01,2023-11-01,1,2,seasonal_naive,42.445,46.74,,,38,4.295000000000002
2023-10-01,2023-11-01,1,2,persistence,42.445,52.804,,,38,10.359000000000002
2023-11-01,2023-12-01,1,2,ridge,48.361,42.93476579127952,,,39,-5.42623420872048
2023-11-01,2023-12-01,1,2,ridge_imports_only,48.361,42.72637183938448,,,39,-5.63462816061552
2023-11-01,2023-12-01,1,2,seasonal_naive,48.361,48.065,,,39,-0.2959999999999994
2023-11-01,2023-12-01,1,2,persistence,48.361,45.74,,,39,-2.620999999999995
2024-02-01,2024-03-01,1,2,ridge,49.052,45.55849534810993,,,42,-3.4935046518900705
2024-02-01,2024-03-01,1,2,ridge_imports_only,49.052,45.45522378882089,,,42,-3.5967762111791117
2024-02-01,2024-03-01,1,2,seasonal_naive,49.052,52.308,,,42,3.2560000000000002
2024-02-01,2024-03-01,1,2,persistence,49.052,48.361,,,42,-0.6910000000000025
2024-03-01,2024-04-01,1,2,ridge,44.719,43.182609623106224,,,42,-1.5363903768937774
2024-03-01,2024-04-01,1,2,ridge_imports_only,44.719,43.346273653981555,,,42,-1.372726346018446
2024-03-01,2024-04-01,1,2,seasonal_naive,44.719,42.407,,,42,-2.3120000000000047
2024-03-01,2024-04-01,1,2,persistence,44.719,46.99,,,42,2.271000000000001
2024-04-01,2024-05-01,1,2,ridge,46.967,44.76926296410211,,,42,-2.1977370358978874
2024-04-01,2024-05-01,1,2,ridge_imports_only,46.967,44.63211077980129,,,42,-2.3348892201987113
2024-04-01,2024-05-01,1,2,seasonal_naive,46.967,51.444,,,42,4.477000000000004
2024-04-01,2024-05-01,1,2,persistence,46.967,41.318,,,42,-5.649000000000001
2024-05-01,2024-06-01,1,2,ridge,46.453,44.375737377295515,,,43,-2.077262622704488
2024-05-01,2024-06-01,1,2,ridge_imports_only,46.453,43.68745396080078,,,43,-2.765546039199222
2024-05-01,2024-06-01,1,2,seasonal_naive,46.453,52.062,,,43,5.608999999999995
2024-05-01,2024-06-01,1,2,persistence,46.453,49.052,,,43,2.5989999999999966
2024-06-01,2024-07-01,1,2,ridge,42.338,42.920931901469096,,,44,0.5829319014690952
2024-06-01,2024-07-01,1,2,ridge_imports_only,42.338,42.95087780755612,,,44,0.6128778075561172
2024-06-01,2024-07-01,1,2,seasonal_naive,42.338,43.686,,,44,1.347999999999999
2024-06-01,2024-07-01,1,2,persistence,42.338,44.719,,,44,2.3810000000000002
2024-07-01,2024-08-01,1,2,ridge,49.103,45.02882504696751,,,45,-4.0741749530324896
2024-07-01,2024-08-01,1,2,ridge_imports_only,49.103,44.56486852697094,,,45,-4.538131473029061
2024-07-01,2024-08-01,1,2,seasonal_naive,49.103,52.804,,,45,3.7010000000000005
2024-07-01,2024-08-01,1,2,persistence,49.103,46.967,,,45,-2.136000000000003
2024-08-01,2024-09-01,1,2,ridge,45.488,43.025026824055146,,,46,-2.462973175944853
2024-08-01,2024-09-01,1,2,ridge_imports_only,45.488,43.08265444403673,,,46,-2.4053455559632724
2024-08-01,2024-09-01,1,2,seasonal_naive,45.488,45.74,,,46,0.25200000000000244
2024-08-01,2024-09-01,1,2,persistence,45.488,46.453,,,46,0.9650000000000034
2024-09-01,2024-10-01,1,2,ridge,44.696,44.07423810959777,,,47,-0.621761890402226
2024-09-01,2024-10-01,1,2,ridge_imports_only,44.696,43.631091197584894,,,47,-1.064908802415104
2024-09-01,2024-10-01,1,2,seasonal_naive,44.696,48.969,,,47,4.273000000000003
2024-09-01,2024-10-01,1,2,persistence,44.696,42.338,,,47,-2.357999999999997
2024-10-01,2024-11-01,1,2,ridge,48.521,44.452601825738626,,,48,-4.068398174261375
2024-10-01,2024-11-01,1,2,ridge_imports_only,48.521,44.28338149195852,,,48,-4.2376185080414785
2024-10-01,2024-11-01,1,2,seasonal_naive,48.521,42.445,,,48,-6.0760000000000005
2024-10-01,2024-11-01,1,2,persistence,48.521,49.103,,,48,0.5820000000000007
2024-11-01,2024-12-01,1,2,ridge,47.841,45.019650803756846,,,49,-2.8213491962431547
2024-11-01,2024-12-01,1,2,ridge_imports_only,47.841,44.887028340616034,,,49,-2.953971659383967
2024-11-01,2024-12-01,1,2,seasonal_naive,47.841,48.361,,,49,0.519999999999996
2024-11-01,2024-12-01,1,2,persistence,47.841,45.488,,,49,-2.3530000000000015
2025-02-01,2025-03-01,1,2,ridge,51.133,46.60965068096636,,,52,-4.523349319033642
2025-02-01,2025-03-01,1,2,ridge_imports_only,51.133,46.03433417436131,,,52,-5.09866582563869
2025-02-01,2025-03-01,1,2,seasonal_naive,51.133,49.052,,,52,-2.081000000000003
2025-02-01,2025-03-01,1,2,persistence,51.133,47.841,,,52,-3.2920000000000016
2025-03-01,2025-04-01,1,2,ridge,48.051,45.36859921170963,,,52,-2.682400788290373
2025-03-01,2025-04-01,1,2,ridge_imports_only,48.051,44.476909290553856,,,52,-3.5740907094461463
2025-03-01,2025-04-01,1,2,seasonal_naive,48.051,44.719,,,52,-3.3320000000000007
2025-03-01,2025-04-01,1,2,persistence,48.051,43.963,,,52,-4.088000000000001
2025-04-01,2025-05-01,1,2,ridge,46.6,44.60318054141865,,,52,-1.9968194585813492
2025-04-01,2025-05-01,1,2,ridge_imports_only,46.6,44.33342077817052,,,52,-2.266579221829481
2025-04-01,2025-05-01,1,2,seasonal_naive,46.6,46.967,,,52,0.36699999999999733
2025-04-01,2025-05-01,1,2,persistence,46.6,39.892,,,52,-6.707999999999998
2025-05-01,2025-06-01,1,2,ridge,49.883,47.17248401079687,,,53,-2.710515989203131
2025-05-01,2025-06-01,1,2,ridge_imports_only,49.883,45.73200173592357,,,53,-4.150998264076435
2025-05-01,2025-06-01,1,2,seasonal_naive,49.883,46.453,,,53,-3.4299999999999997
2025-05-01,2025-06-01,1,2,persistence,49.883,51.133,,,53,1.25
2025-06-01,2025-07-01,1,2,ridge,47.201,45.15852072496667,,,54,-2.0424792750333296
2025-06-01,2025-07-01,1,2,ridge_imports_only,47.201,45.08485857795464,,,54,-2.1161414220453594
2025-06-01,2025-07-01,1,2,seasonal_naive,47.201,42.338,,,54,-4.8629999999999995
2025-06-01,2025-07-01,1,2,persistence,47.201,48.051,,,54,0.8500000000000014
2025-07-01,2025-08-01,1,2,ridge,49.492,46.33804587571602,,,55,-3.1539541242839775
2025-07-01,2025-08-01,1,2,ridge_imports_only,49.492,45.14397314062862,,,55,-4.34802685937138
2025-07-01,2025-08-01,1,2,seasonal_naive,49.492,49.103,,,55,-0.3889999999999958
2025-07-01,2025-08-01,1,2,persistence,49.492,46.6,,,55,-2.891999999999996
2025-08-01,2025-09-01,1,2,ridge,46.914,45.73080267932649,,,56,-1.1831973206735142
2025-08-01,2025-09-01,1,2,ridge_imports_only,46.914,45.022282323176235,,,56,-1.8917176768237667
2025-08-01,2025-09-01,1,2,seasonal_naive,46.914,45.488,,,56,-1.426000000000002
2025-08-01,2025-09-01,1,2,persistence,46.914,49.883,,,56,2.969000000000001
2025-09-01,2025-10-01,1,2,ridge,48.357,46.20146736344355,,,57,-2.155532636556451
2025-09-01,2025-10-01,1,2,ridge_imports_only,48.357,44.99710876375735,,,57,-3.359891236242646
2025-09-01,2025-10-01,1,2,seasonal_naive,48.357,44.696,,,57,-3.6610000000000014
2025-09-01,2025-10-01,1,2,persistence,48.357,47.201,,,57,-1.1559999999999988
2025-10-01,2025-11-01,1,2,ridge,50.891,47.193739260688645,42.58010145268632,51.80737706869097,58,-3.6972607393113535
2025-10-01,2025-11-01,1,2,ridge_imports_only,50.891,45.793828071843514,40.64156601270714,50.94609013097989,58,-5.0971719281564845
2025-10-01,2025-11-01,1,2,seasonal_naive,50.891,48.521,42.89000000000001,54.151999999999994,58,-2.3699999999999974
2025-10-01,2025-11-01,1,2,persistence,50.891,49.492,43.1314,55.852599999999995,58,-1.399000000000001
2025-11-01,2025-12-01,1,2,ridge,55.963,46.043114585767206,41.519765266733565,50.56646390480085,59,-9.919885414232795
2025-11-01,2025-12-01,1,2,ridge_imports_only,55.963,45.20736213424532,40.10869630860663,50.30602795988401,59,-10.755637865754679
2025-11-01,2025-12-01,1,2,seasonal_naive,55.963,47.841,42.232000000000006,53.449999999999996,59,-8.122
2025-11-01,2025-12-01,1,2,persistence,55.963,46.914,40.592000000000006,53.236,59,-9.049
2026-02-01,2026-03-01,1,2,ridge,49.982,49.54571614836733,44.390347406552905,54.70108489018176,62,-0.43628385163266614
2026-02-01,2026-03-01,1,2,ridge_imports_only,49.982,49.21347471444089,43.73963525431842,54.68731417456336,62,-0.7685252855591074
2026-02-01,2026-03-01,1,2,seasonal_naive,49.982,51.133,45.370000000000005,56.896,62,1.1510000000000034
2026-02-01,2026-03-01,1,2,persistence,49.982,55.963,49.3708,62.5552,62,5.981000000000002
2026-03-01,2026-04-01,1,2,ridge,38.471,48.71507407684264,43.55970533502821,53.87044281865707,62,10.244074076842644
2026-03-01,2026-04-01,1,2,ridge_imports_only,38.471,47.42698513179329,41.95314567167082,52.90082459191576,62,8.955985131793291
2026-03-01,2026-04-01,1,2,seasonal_naive,38.471,48.051,42.288000000000004,53.814,62,9.580000000000005
2026-03-01,2026-04-01,1,2,persistence,38.471,50.866,44.2738,57.4582,62,12.395000000000003
2026-04-01,2026-05-01,1,2,ridge,33.081,45.94938720627582,40.794018464461395,51.10475594809025,62,12.86838720627582
2026-04-01,2026-05-01,1,2,ridge_imports_only,33.081,46.02910346752589,40.55526400740342,51.50294292764836,62,12.94810346752589
2026-04-01,2026-05-01,1,2,seasonal_naive,33.081,46.6,40.837,52.363,62,13.518999999999998
2026-04-01,2026-05-01,1,2,persistence,33.081,46.068,39.4758,52.660199999999996,62,12.986999999999995
2026-05-01,2026-06-01,1,2,ridge,29.272,48.328859701055016,43.26377944820927,53.39393995390076,63,19.056859701055018
2026-05-01,2026-06-01,1,2,ridge_imports_only,29.272,46.45839835181767,41.03815512519288,51.87864157844246,63,17.186398351817672
2026-05-01,2026-06-01,1,2,seasonal_naive,29.272,49.883,44.142,55.624,63,20.611000000000004
2026-05-01,2026-06-01,1,2,persistence,29.272,49.982,43.4284,56.535599999999995,63,20.71
2026-06-01,2026-07-01,1,2,ridge,35.726,43.35509599610171,37.40848880115014,49.30170319105328,64,7.629095996101711
2026-06-01,2026-07-01,1,2,ridge_imports_only,35.726,43.19488850071691,37.474406067869374,48.91537093356444,64,7.468888500716908
2026-06-01,2026-07-01,1,2,seasonal_naive,35.726,47.201,41.2485,53.1535,64,11.475000000000001
2026-06-01,2026-07-01,1,2,persistence,35.726,38.471,30.592499999999998,46.34949999999999,64,2.7449999999999974
2023-09-01,2023-11-01,2,2,ridge,42.445,40.93829863112535,,,36,-1.5067013688746513
2023-09-01,2023-11-01,2,2,ridge_imports_only,42.445,43.596131522430746,,,36,1.1511315224307452
2023-09-01,2023-11-01,2,2,seasonal_naive,42.445,46.74,,,36,4.295000000000002
2023-09-01,2023-11-01,2,2,persistence,42.445,43.686,,,36,1.2409999999999997
2023-10-01,2023-12-01,2,2,ridge,48.361,42.24511385049558,,,37,-6.115886149504419
2023-10-01,2023-12-01,2,2,ridge_imports_only,48.361,42.94608670090055,,,37,-5.414913299099446
2023-10-01,2023-12-01,2,2,seasonal_naive,48.361,48.065,,,37,-0.2959999999999994
2023-10-01,2023-12-01,2,2,persistence,48.361,52.804,,,37,4.443000000000005
2024-01-01,2024-03-01,2,2,ridge,49.052,44.9877798750508,,,40,-4.064220124949202
2024-01-01,2024-03-01,2,2,ridge_imports_only,49.052,45.23211111153802,,,40,-3.819888888461982
2024-01-01,2024-03-01,2,2,seasonal_naive,49.052,52.308,,,40,3.2560000000000002
2024-01-01,2024-03-01,2,2,persistence,49.052,42.445,,,40,-6.606999999999999
2024-02-01,2024-04-01,2,2,ridge,44.719,44.77724603212394,,,41,0.05824603212393953
2024-02-01,2024-04-01,2,2,ridge_imports_only,44.719,44.940474474323466,,,41,0.22147447432346468
2024-02-01,2024-04-01,2,2,seasonal_naive,44.719,42.407,,,41,-2.3120000000000047
2024-02-01,2024-04-01,2,2,persistence,44.719,48.361,,,41,3.641999999999996
2024-03-01,2024-05-01,2,2,ridge,46.967,43.7933990412104,,,41,-3.1736009587895992
2024-03-01,2024-05-01,2,2,ridge_imports_only,46.967,42.93184914953178,,,41,-4.03515085046822
2024-03-01,2024-05-01,2,2,seasonal_naive,46.967,51.444,,,41,4.477000000000004
2024-03-01,2024-05-01,2,2,persistence,46.967,46.99,,,41,0.02300000000000324
2024-04-01,2024-06-01,2,2,ridge,46.453,45.74121621574093,,,41,-0.711783784259076
2024-04-01,2024-06-01,2,2,ridge_imports_only,46.453,45.00450227704361,,,41,-1.4484977229563896
2024-04-01,2024-06-01,2,2,seasonal_naive,46.453,52.062,,,41,5.608999999999995
2024-04-01,2024-06-01,2,2,persistence,46.453,41.318,,,41,-5.135000000000005
2024-05-01,2024-07-01,2,2,ridge,42.338,42.33868536198803,,,42,0.0006853619880260453
2024-05-01,2024-07-01,2,2,ridge_imports_only,42.338,42.33062669336739,,,42,-0.0073733066326084895
2024-05-01,2024-07-01,2,2,seasonal_naive,42.338,43.686,,,42,1.347999999999999
2024-05-01,2024-07-01,2,2,persistence,42.338,49.052,,,42,6.713999999999999
2024-06-01,2024-08-01,2,2,ridge,49.103,42.79711445373294,,,43,-6.3058855462670635
2024-06-01,2024-08-01,2,2,ridge_imports_only,49.103,42.66570775971351,,,43,-6.437292240286489
2024-06-01,2024-08-01,2,2,seasonal_naive,49.103,52.804,,,43,3.7010000000000005
2024-06-01,2024-08-01,2,2,persistence,49.103,44.719,,,43,-4.384
2024-07-01,2024-09-01,2,2,ridge,45.488,44.452328048125146,,,44,-1.0356719518748534
2024-07-01,2024-09-01,2,2,ridge_imports_only,45.488,44.16539569195113,,,44,-1.3226043080488665
2024-07-01,2024-09-01,2,2,seasonal_naive,45.488,45.74,,,44,0.25200000000000244
2024-07-01,2024-09-01,2,2,persistence,45.488,46.967,,,44,1.4789999999999992
2024-08-01,2024-10-01,2,2,ridge,44.696,43.39576748695796,,,45,-1.3002325130420402
2024-08-01,2024-10-01,2,2,ridge_imports_only,44.696,42.73866816539107,,,45,-1.9573318346089295
2024-08-01,2024-10-01,2,2,seasonal_naive,44.696,48.969,,,45,4.273000000000003
2024-08-01,2024-10-01,2,2,persistence,44.696,46.453,,,45,1.757000000000005
2024-09-01,2024-11-01,2,2,ridge,48.521,44.68332152083071,,,46,-3.8376784791692913
2024-09-01,2024-11-01,2,2,ridge_imports_only,48.521,44.14037585578903,,,46,-4.3806241442109695
2024-09-01,2024-11-01,2,2,seasonal_naive,48.521,42.445,,,46,-6.0760000000000005
2024-09-01,2024-11-01,2,2,persistence,48.521,42.338,,,46,-6.183
2024-10-01,2024-12-01,2,2,ridge,47.841,44.30200861046025,,,47,-3.5389913895397527
2024-10-01,2024-12-01,2,2,ridge_imports_only,47.841,43.49369963328136,,,47,-4.347300366718642
2024-10-01,2024-12-01,2,2,seasonal_naive,47.841,48.361,,,47,0.519999999999996
2024-10-01,2024-12-01,2,2,persistence,47.841,49.103,,,47,1.2620000000000005
2025-01-01,2025-03-01,2,2,ridge,51.133,45.12260860777045,,,50,-6.01039139222955
2025-01-01,2025-03-01,2,2,ridge_imports_only,51.133,44.72806392056391,,,50,-6.404936079436091
2025-01-01,2025-03-01,2,2,seasonal_naive,51.133,49.052,,,50,-2.081000000000003
2025-01-01,2025-03-01,2,2,persistence,51.133,48.521,,,50,-2.612000000000002
2025-02-01,2025-04-01,2,2,ridge,48.051,46.58981613812093,,,51,-1.4611838618790713
2025-02-01,2025-04-01,2,2,ridge_imports_only,48.051,45.902915276761895,,,51,-2.1480847232381066
2025-02-01,2025-04-01,2,2,seasonal_naive,48.051,44.719,,,51,-3.3320000000000007
2025-02-01,2025-04-01,2,2,persistence,48.051,47.841,,,51,-0.21000000000000085
2025-03-01,2025-05-01,2,2,ridge,46.6,46.696684447200404,,,51,0.0966844472004027
2025-03-01,2025-05-01,2,2,ridge_imports_only,46.6,45.09165375737776,,,51,-1.5083462426222383
2025-03-01,2025-05-01,2,2,seasonal_naive,46.6,46.967,,,51,0.36699999999999733
2025-03-01,2025-05-01,2,2,persistence,46.6,43.963,,,51,-2.6370000000000005
2025-04-01,2025-06-01,2,2,ridge,49.883,45.70281507825697,,,51,-4.1801849217430345
2025-04-01,2025-06-01,2,2,ridge_imports_only,49.883,44.91221060452778,,,51,-4.970789395472224
2025-04-01,2025-06-01,2,2,seasonal_naive,49.883,46.453,,,51,-3.4299999999999997
2025-04-01,2025-06-01,2,2,persistence,49.883,39.892,,,51,-9.991
2025-05-01,2025-07-01,2,2,ridge,47.201,44.62487709712054,,,52,-2.5761229028794617
2025-05-01,2025-07-01,2,2,ridge_imports_only,47.201,44.031962557049866,,,52,-3.1690374429501347
2025-05-01,2025-07-01,2,2,seasonal_naive,47.201,42.338,,,52,-4.8629999999999995
2025-05-01,2025-07-01,2,2,persistence,47.201,51.133,,,52,3.932000000000002
2025-06-01,2025-08-01,2,2,ridge,49.492,45.80466190928461,,,53,-3.687338090715386
2025-06-01,2025-08-01,2,2,ridge_imports_only,49.492,45.3055635819297,,,53,-4.186436418070301
2025-06-01,2025-08-01,2,2,seasonal_naive,49.492,49.103,,,53,-0.3889999999999958
2025-06-01,2025-08-01,2,2,persistence,49.492,48.051,,,53,-1.4409999999999954
2025-07-01,2025-09-01,2,2,ridge,46.914,46.15113054831279,,,54,-0.7628694516872088
2025-07-01,2025-09-01,2,2,ridge_imports_only,46.914,45.1763367910912,,,54,-1.737663208908799
2025-07-01,2025-09-01,2,2,seasonal_naive,46.914,45.488,,,54,-1.426000000000002
2025-07-01,2025-09-01,2,2,persistence,46.914,46.6,,,54,-0.31400000000000006
2025-08-01,2025-10-01,2,2,ridge,48.357,44.959353403150715,,,55,-3.3976465968492846
2025-08-01,2025-10-01,2,2,ridge_imports_only,48.357,44.620296815214424,,,55,-3.7367031847855756
2025-08-01,2025-10-01,2,2,seasonal_naive,48.357,44.696,,,55,-3.6610000000000014
2025-08-01,2025-10-01,2,2,persistence,48.357,49.883,,,55,1.5260000000000034
2025-09-01,2025-11-01,2,2,ridge,50.891,45.917891309618305,,,56,-4.973108690381693
2025-09-01,2025-11-01,2,2,ridge_imports_only,50.891,45.49653357939296,,,56,-5.3944664206070385
2025-09-01,2025-11-01,2,2,seasonal_naive,50.891,48.521,,,56,-2.3699999999999974
2025-09-01,2025-11-01,2,2,persistence,50.891,47.201,,,56,-3.6899999999999977
2025-10-01,2025-12-01,2,2,ridge,55.963,46.21419858854366,,,57,-9.748801411456341
2025-10-01,2025-12-01,2,2,ridge_imports_only,55.963,45.60380526032094,,,57,-10.359194739679062
2025-10-01,2025-12-01,2,2,seasonal_naive,55.963,47.841,,,57,-8.122
2025-10-01,2025-12-01,2,2,persistence,55.963,49.492,,,57,-6.471000000000004
2026-01-01,2026-03-01,2,2,ridge,49.982,47.100699061790095,41.090307669560545,53.111090454019646,60,-2.881300938209904
2026-01-01,2026-03-01,2,2,ridge_imports_only,49.982,46.71490673431079,41.29999343521134,52.12982003341023,60,-3.267093265689212
2026-01-01,2026-03-01,2,2,seasonal_naive,49.982,51.133,46.27,55.996,60,1.1510000000000034
2026-01-01,2026-03-01,2,2,persistence,49.982,50.891,44.284,57.498,60,0.9089999999999989
2026-02-01,2026-04-01,2,2,ridge,38.471,48.091576136274206,41.986239462497274,54.19691281005114,61,9.62057613627421
2026-02-01,2026-04-01,2,2,ridge_imports_only,38.471,47.86234541963514,41.556411618232715,54.168279221037565,61,9.391345419635144
2026-02-01,2026-04-01,2,2,seasonal_naive,38.471,48.051,42.516600000000004,53.5854,61,9.580000000000005
2026-02-01,2026-04-01,2,2,persistence,38.471,55.963,49.3696,62.556400000000004,61,17.492000000000004
2026-03-01,2026-05-01,2,2,ridge,33.081,49.77527600810646,43.66993933432953,55.88061268188339,61,16.694276008106456
2026-03-01,2026-05-01,2,2,ridge_imports_only,33.081,47.88378665448323,41.5778528530808,54.18972045588566,61,14.802786654483228
2026-03-01,2026-05-01,2,2,seasonal_naive,33.081,46.6,41.0656,52.1344,61,13.518999999999998
2026-03-01,2026-05-01,2,2,persistence,33.081,50.866,44.2726,57.4594,61,17.784999999999997
2026-04-01,2026-06-01,2,2,ridge,29.272,47.25954056507213,41.1542038912952,53.36487723884906,61,17.98754056507213
2026-04-01,2026-06-01,2,2,ridge_imports_only,29.272,46.50394488910148,40.19801108769906,52.80987869050391,61,17.231944889101484
2026-04-01,2026-06-01,2,2,seasonal_naive,29.272,49.883,44.348600000000005,55.4174,61,20.611000000000004
2026-04-01,2026-06-01,2,2,persistence,29.272,46.068,39.474599999999995,52.6614,61,16.796
2026-05-01,2026-07-01,2,2,ridge,35.726,47.105379664399166,41.01059246634972,53.20016686244861,62,11.379379664399167
2026-05-01,2026-07-01,2,2,ridge_imports_only,35.726,45.76823215633659,39.56130063296783,51.97516367970535,62,10.042232156336588
2026-05-01,2026-07-01,2,2,seasonal_naive,35.726,47.201,41.741200000000006,52.660799999999995,62,11.475000000000001
2026-05-01,2026-07-01,2,2,persistence,35.726,49.982,43.4022,56.5618,62,14.256
2023-12-01,2024-03-01,3,2,ridge,49.052,45.308456070000126,,,38,-3.7435439299998734
2023-12-01,2024-03-01,3,2,ridge_imports_only,49.052,44.192879818287864,,,38,-4.859120181712136
2023-12-01,2024-03-01,3,2,seasonal_naive,49.052,52.308,,,38,3.2560000000000002
2023-12-01,2024-03-01,3,2,persistence,49.052,48.969,,,38,-0.08299999999999841
2024-01-01,2024-04-01,3,2,ridge,44.719,46.00904538360641,,,39,1.2900453836064116
2024-01-01,2024-04-01,3,2,ridge_imports_only,44.719,44.79358859923388,,,39,0.07458859923387706
2024-01-01,2024-04-01,3,2,seasonal_naive,44.719,42.407,,,39,-2.3120000000000047
2024-01-01,2024-04-01,3,2,persistence,44.719,42.445,,,39,-2.274000000000001
2024-02-01,2024-05-01,3,2,ridge,46.967,46.7605985712399,,,40,-0.20640142876009548
2024-02-01,2024-05-01,3,2,ridge_imports_only,46.967,45.13182166776116,,,40,-1.83517833223884
2024-02-01,2024-05-01,3,2,seasonal_naive,46.967,51.444,,,40,4.477000000000004
2024-02-01,2024-05-01,3,2,persistence,46.967,48.361,,,40,1.3939999999999984
2024-03-01,2024-06-01,3,2,ridge,46.453,45.959243477530535,,,40,-0.493756522469468
2024-03-01,2024-06-01,3,2,ridge_imports_only,46.453,43.19171373659893,,,40,-3.2612862634010753
2024-03-01,2024-06-01,3,2,seasonal_naive,46.453,52.062,,,40,5.608999999999995
2024-03-01,2024-06-01,3,2,persistence,46.453,46.99,,,40,0.536999999999999
2024-04-01,2024-07-01,3,2,ridge,42.338,44.02019520465522,,,40,1.6821952046552155
2024-04-01,2024-07-01,3,2,ridge_imports_only,42.338,44.641012726437005,,,40,2.3030127264370037
2024-04-01,2024-07-01,3,2,seasonal_naive,42.338,43.686,,,40,1.347999999999999
2024-04-01,2024-07-01,3,2,persistence,42.338,41.318,,,40,-1.0200000000000031
2024-05-01,2024-08-01,3,2,ridge,49.103,45.75032836948278,,,41,-3.3526716305172215
2024-05-01,2024-08-01,3,2,ridge_imports_only,49.103,43.32323165445798,,,41,-5.779768345542024
2024-05-01,2024-08-01,3,2,seasonal_naive,49.103,52.804,,,41,3.7010000000000005
2024-05-01,2024-08-01,3,2,persistence,49.103,49.052,,,41,-0.05100000000000193
2024-06-01,2024-09-01,3,2,ridge,45.488,43.85793720346045,,,42,-1.6300627965395478
2024-06-01,2024-09-01,3,2,ridge_imports_only,45.488,43.05632140549611,,,42,-2.431678594503893
2024-06-01,2024-09-01,3,2,seasonal_naive,45.488,45.74,,,42,0.25200000000000244
2024-06-01,2024-09-01,3,2,persistence,45.488,44.719,,,42,-0.7689999999999984
2024-07-01,2024-10-01,3,2,ridge,44.696,45.99864509382337,,,43,1.3026450938233722
2024-07-01,2024-10-01,3,2,ridge_imports_only,44.696,44.35516075462813,,,43,-0.3408392453718676
2024-07-01,2024-10-01,3,2,seasonal_naive,44.696,48.969,,,43,4.273000000000003
2024-07-01,2024-10-01,3,2,persistence,44.696,46.967,,,43,2.271000000000001
2024-08-01,2024-11-01,3,2,ridge,48.521,44.299815948739294,,,44,-4.221184051260707
2024-08-01,2024-11-01,3,2,ridge_imports_only,48.521,43.49298692196439,,,44,-5.028013078035613
2024-08-01,2024-11-01,3,2,seasonal_naive,48.521,42.445,,,44,-6.0760000000000005
2024-08-01,2024-11-01,3,2,persistence,48.521,46.453,,,44,-2.067999999999998
2024-09-01,2024-12-01,3,2,ridge,47.841,45.489230482247486,,,45,-2.3517695177525155
2024-09-01,2024-12-01,3,2,ridge_imports_only,47.841,44.196570158595996,,,45,-3.644429841404005
2024-09-01,2024-12-01,3,2,seasonal_naive,47.841,48.361,,,45,0.519999999999996
2024-09-01,2024-12-01,3,2,persistence,47.841,42.338,,,45,-5.503
2024-12-01,2025-03-01,3,2,ridge,51.133,46.19099458283904,,,48,-4.9420054171609635
2024-12-01,2025-03-01,3,2,ridge_imports_only,51.133,44.97093831129028,,,48,-6.16206168870972
2024-12-01,2025-03-01,3,2,seasonal_naive,51.133,49.052,,,48,-2.081000000000003
2024-12-01,2025-03-01,3,2,persistence,51.133,44.696,,,48,-6.437000000000005
2025-01-01,2025-04-01,3,2,ridge,48.051,46.11749872086489,,,49,-1.9335012791351147
2025-01-01,2025-04-01,3,2,ridge_imports_only,48.051,45.69924734818098,,,49,-2.3517526518190195
2025-01-01,2025-04-01,3,2,seasonal_naive,48.051,44.719,,,49,-3.3320000000000007
2025-01-01,2025-04-01,3,2,persistence,48.051,48.521,,,49,0.46999999999999886
2025-02-01,2025-05-01,3,2,ridge,46.6,47.585883895145145,,,50,0.9858838951451432
2025-02-01,2025-05-01,3,2,ridge_imports_only,46.6,45.657631579502734,,,50,-0.9423684204972673
2025-02-01,2025-05-01,3,2,seasonal_naive,46.6,46.967,,,50,0.36699999999999733
2025-02-01,2025-05-01,3,2,persistence,46.6,47.841,,,50,1.2409999999999997
2025-03-01,2025-06-01,3,2,ridge,49.883,46.9545569482613,,,50,-2.9284430517387037
2025-03-01,2025-06-01,3,2,ridge_imports_only,49.883,44.96080416619244,,,50,-4.922195833807564
2025-03-01,2025-06-01,3,2,seasonal_naive,49.883,46.453,,,50,-3.4299999999999997
2025-03-01,2025-06-01,3,2,persistence,49.883,43.963,,,50,-5.920000000000002
2025-04-01,2025-07-01,3,2,ridge,47.201,43.734234046096084,,,50,-3.4667659539039164
2025-04-01,2025-07-01,3,2,ridge_imports_only,47.201,44.28465864547288,,,50,-2.9163413545271197
2025-04-01,2025-07-01,3,2,seasonal_naive,47.201,42.338,,,50,-4.8629999999999995
2025-04-01,2025-07-01,3,2,persistence,47.201,39.892,,,50,-7.3089999999999975
2025-05-01,2025-08-01,3,2,ridge,49.492,48.240513667039664,,,51,-1.251486332960333
2025-05-01,2025-08-01,3,2,ridge_imports_only,49.492,45.27561315101994,,,51,-4.216386848980058
2025-05-01,2025-08-01,3,2,seasonal_naive,49.492,49.103,,,51,-0.3889999999999958
2025-05-01,2025-08-01,3,2,persistence,49.492,51.133,,,51,1.6410000000000053
2025-06-01,2025-09-01,3,2,ridge,46.914,45.94172386455081,,,52,-0.9722761354491922
2025-06-01,2025-09-01,3,2,ridge_imports_only,46.914,45.264482175475,,,52,-1.6495178245249988
2025-06-01,2025-09-01,3,2,seasonal_naive,46.914,45.488,,,52,-1.426000000000002
2025-06-01,2025-09-01,3,2,persistence,46.914,48.051,,,52,1.1370000000000005
2025-07-01,2025-10-01,3,2,ridge,48.357,47.155651287611235,,,53,-1.2013487123887643
2025-07-01,2025-10-01,3,2,ridge_imports_only,48.357,45.05370738915791,,,53,-3.3032926108420924
2025-07-01,2025-10-01,3,2,seasonal_naive,48.357,44.696,,,53,-3.6610000000000014
2025-07-01,2025-10-01,3,2,persistence,48.357,46.6,,,53,-1.756999999999998
2025-08-01,2025-11-01,3,2,ridge,50.891,46.78718731726463,,,54,-4.1038126827353665
2025-08-01,2025-11-01,3,2,ridge_imports_only,50.891,45.855387855616776,,,54,-5.035612144383222
2025-08-01,2025-11-01,3,2,seasonal_naive,50.891,48.521,,,54,-2.3699999999999974
2025-08-01,2025-11-01,3,2,persistence,50.891,49.883,,,54,-1.0079999999999956
2025-09-01,2025-12-01,3,2,ridge,55.963,47.17641223278457,,,55,-8.78658776721543
2025-09-01,2025-12-01,3,2,ridge_imports_only,55.963,45.817161041893435,,,55,-10.145838958106566
2025-09-01,2025-12-01,3,2,seasonal_naive,55.963,47.841,,,55,-8.122
2025-09-01,2025-12-01,3,2,persistence,55.963,47.201,,,55,-8.762
2025-12-01,2026-03-01,3,2,ridge,49.982,48.048020789506374,,,58,-1.933979210493625
2025-12-01,2026-03-01,3,2,ridge_imports_only,49.982,46.671682092138894,,,58,-3.310317907861105
2025-12-01,2026-03-01,3,2,seasonal_naive,49.982,51.133,,,58,1.1510000000000034
2025-12-01,2026-03-01,3,2,persistence,49.982,48.357,,,58,-1.625
2026-01-01,2026-04-01,3,2,ridge,38.471,47.821728640255714,,,59,9.350728640255717
2026-01-01,2026-04-01,3,2,ridge_imports_only,38.471,47.04948816253608,,,59,8.578488162536082
2026-01-01,2026-04-01,3,2,seasonal_naive,38.471,48.051,,,59,9.580000000000005
2026-01-01,2026-04-01,3,2,persistence,38.471,50.891,,,59,12.420000000000002
2026-02-01,2026-05-01,3,2,ridge,33.081,48.737585181088114,44.44431899323738,53.03085136893885,60,15.656585181088111
2026-02-01,2026-05-01,3,2,ridge_imports_only,33.081,47.89067679522081,42.07267911536202,53.708674475079604,60,14.80967679522081
2026-02-01,2026-05-01,3,2,seasonal_naive,33.081,46.6,40.944300000000005,52.2557,60,13.518999999999998
2026-02-01,2026-05-01,3,2,persistence,33.081,55.963,49.43879999999999,62.48720000000001,60,22.881999999999998
2026-03-01,2026-06-01,3,2,ridge,29.272,49.877524366033256,45.58425817818252,54.17079055388399,60,20.605524366033258
2026-03-01,2026-06-01,3,2,ridge_imports_only,29.272,48.00699591372569,42.1889982338669,53.82499359358448,60,18.73499591372569
2026-03-01,2026-06-01,3,2,seasonal_naive,29.272,49.883,44.22730000000001,55.5387,60,20.611000000000004
2026-03-01,2026-06-01,3,2,persistence,29.272,50.866,44.34179999999999,57.39020000000001,60,21.594
2026-04-01,2026-07-01,3,2,ridge,35.726,45.654587220604206,41.36132103275347,49.94785340845494,60,9.928587220604207
2026-04-01,2026-07-01,3,2,ridge_imports_only,35.726,46.32253945986882,40.50454178001003,52.14053713972761,60,10.596539459868822
2026-04-01,2026-07-01,3,2,seasonal_naive,35.726,47.201,41.545300000000005,52.8567,60,11.475000000000001
2026-04-01,2026-07-01,3,2,persistence,35.726,46.068,39.54379999999999,52.592200000000005,60,10.341999999999999
2023-10-01,2023-11-01,1,3,ridge,42.445,41.25166398223817,,,36,-1.1933360177618297
2023-10-01,2023-11-01,1,3,ridge_imports_only,42.445,43.2925669213612,,,36,0.8475669213611994
2023-10-01,2023-11-01,1,3,seasonal_naive,42.445,46.74,,,36,4.295000000000002
2023-10-01,2023-11-01,1,3,persistence,42.445,43.686,,,36,1.2409999999999997
2023-11-01,2023-12-01,1,3,ridge,48.361,41.48835400553765,,,37,-6.872645994462346
2023-11-01,2023-12-01,1,3,ridge_imports_only,48.361,42.42744402241571,,,37,-5.933555977584284
2023-11-01,2023-12-01,1,3,seasonal_naive,48.361,48.065,,,37,-0.2959999999999994
2023-11-01,2023-12-01,1,3,persistence,48.361,52.804,,,37,4.443000000000005
2024-02-01,2024-03-01,1,3,ridge,49.052,44.878373211226844,,,40,-4.173626788773156
2024-02-01,2024-03-01,1,3,ridge_imports_only,49.052,45.27155954759762,,,40,-3.780440452402381
2024-02-01,2024-03-01,1,3,seasonal_naive,49.052,52.308,,,40,3.2560000000000002
2024-02-01,2024-03-01,1,3,persistence,49.052,42.445,,,40,-6.606999999999999
2024-03-01,2024-04-01,1,3,ridge,44.719,42.71688431483032,,,41,-2.0021156851696844
2024-03-01,2024-04-01,1,3,ridge_imports_only,44.719,42.971769102786276,,,41,-1.7472308972137256
2024-03-01,2024-04-01,1,3,seasonal_naive,44.719,42.407,,,41,-2.3120000000000047
2024-03-01,2024-04-01,1,3,persistence,44.719,48.361,,,41,3.641999999999996
2024-04-01,2024-05-01,1,3,ridge,46.967,45.75619347202412,,,41,-1.2108065279758762
2024-04-01,2024-05-01,1,3,ridge_imports_only,46.967,45.17182818177778,,,41,-1.7951718182222223
2024-04-01,2024-05-01,1,3,seasonal_naive,46.967,51.444,,,41,4.477000000000004
2024-04-01,2024-05-01,1,3,persistence,46.967,46.99,,,41,0.02300000000000324
2024-05-01,2024-06-01,1,3,ridge,46.453,44.12651778692646,,,41,-2.3264822130735396
2024-05-01,2024-06-01,1,3,ridge_imports_only,46.453,43.14184775450762,,,41,-3.31115224549238
2024-05-01,2024-06-01,1,3,seasonal_naive,46.453,52.062,,,41,5.608999999999995
2024-05-01,2024-06-01,1,3,persistence,46.453,41.318,,,41,-5.135000000000005
2024-06-01,2024-07-01,1,3,ridge,42.338,42.1002533429696,,,42,-0.23774665703039943
2024-06-01,2024-07-01,1,3,ridge_imports_only,42.338,42.46013852215385,,,42,0.1221385221538469
2024-06-01,2024-07-01,1,3,seasonal_naive,42.338,43.686,,,42,1.347999999999999
2024-06-01,2024-07-01,1,3,persistence,42.338,49.052,,,42,6.713999999999999
2024-07-01,2024-08-01,1,3,ridge,49.103,44.55058754747052,,,43,-4.552412452529481
2024-07-01,2024-08-01,1,3,ridge_imports_only,49.103,44.62940700153481,,,43,-4.473592998465193
2024-07-01,2024-08-01,1,3,seasonal_naive,49.103,52.804,,,43,3.7010000000000005
2024-07-01,2024-08-01,1,3,persistence,49.103,44.719,,,43,-4.384
2024-08-01,2024-09-01,1,3,ridge,45.488,42.81436240314674,,,44,-2.6736375968532613
2024-08-01,2024-09-01,1,3,ridge_imports_only,45.488,42.58107751186556,,,44,-2.906922488134441
2024-08-01,2024-09-01,1,3,seasonal_naive,45.488,45.74,,,44,0.25200000000000244
2024-08-01,2024-09-01,1,3,persistence,45.488,46.967,,,44,1.4789999999999992
2024-09-01,2024-10-01,1,3,ridge,44.696,44.62575391505085,,,45,-0.0702460849491473
2024-09-01,2024-10-01,1,3,ridge_imports_only,44.696,44.1701104860995,,,45,-0.5258895139004949
2024-09-01,2024-10-01,1,3,seasonal_naive,44.696,48.969,,,45,4.273000000000003
2024-09-01,2024-10-01,1,3,persistence,44.696,46.453,,,45,1.757000000000005
2024-10-01,2024-11-01,1,3,ridge,48.521,44.16278787891484,,,46,-4.35821212108516
2024-10-01,2024-11-01,1,3,ridge_imports_only,48.521,43.76779342947043,,,46,-4.753206570529571
2024-10-01,2024-11-01,1,3,seasonal_naive,48.521,42.445,,,46,-6.0760000000000005
2024-10-01,2024-11-01,1,3,persistence,48.521,42.338,,,46,-6.183
2024-11-01,2024-12-01,1,3,ridge,47.841,45.15586179043711,,,47,-2.6851382095628935
2024-11-01,2024-12-01,1,3,ridge_imports_only,47.841,44.50865094626038,,,47,-3.3323490537396196
2024-11-01,2024-12-01,1,3,seasonal_naive,47.841,48.361,,,47,0.519999999999996
2024-11-01,2024-12-01,1,3,persistence,47.841,49.103,,,47,1.2620000000000005
2025-02-01,2025-03-01,1,3,ridge,51.133,45.77662558372712,,,50,-5.356374416272885
2025-02-01,2025-03-01,1,3,ridge_imports_only,51.133,45.45461912054068,,,50,-5.678380879459326
2025-02-01,2025-03-01,1,3,seasonal_naive,51.133,49.052,,,50,-2.081000000000003
2025-02-01,2025-03-01,1,3,persistence,51.133,48.521,,,50,-2.612000000000002
2025-03-01,2025-04-01,1,3,ridge,48.051,45.647859978260925,,,51,-2.403140021739077
2025-03-01,2025-04-01,1,3,ridge_imports_only,48.051,45.10584040239438,,,51,-2.945159597605624
2025-03-01,2025-04-01,1,3,seasonal_naive,48.051,44.719,,,51,-3.3320000000000007
2025-03-01,2025-04-01,1,3,persistence,48.051,47.841,,,51,-0.21000000000000085
2025-04-01,2025-05-01,1,3,ridge,46.6,46.96041793948714,,,51,0.3604179394871352
2025-04-01,2025-05-01,1,3,ridge_imports_only,46.6,45.43625431387114,,,51,-1.1637456861288626
2025-04-01,2025-05-01,1,3,seasonal_naive,46.6,46.967,,,51,0.36699999999999733
2025-04-01,2025-05-01,1,3,persistence,46.6,43.963,,,51,-2.6370000000000005
2025-05-01,2025-06-01,1,3,ridge,49.883,45.50964181593953,,,51,-4.373358184060471
2025-05-01,2025-06-01,1,3,ridge_imports_only,49.883,44.59270465275784,,,51,-5.290295347242164
2025-05-01,2025-06-01,1,3,seasonal_naive,49.883,46.453,,,51,-3.4299999999999997
2025-05-01,2025-06-01,1,3,persistence,49.883,39.892,,,51,-9.991
2025-06-01,2025-07-01,1,3,ridge,47.201,44.55520041523347,,,52,-2.6457995847665288
2025-06-01,2025-07-01,1,3,ridge_imports_only,47.201,43.97966860611706,,,52,-3.2213313938829415
2025-06-01,2025-07-01,1,3,seasonal_naive,47.201,42.338,,,52,-4.8629999999999995
2025-06-01,2025-07-01,1,3,persistence,47.201,51.133,,,52,3.932000000000002
2025-07-01,2025-08-01,1,3,ridge,49.492,46.16292413273722,,,53,-3.3290758672627803
2025-07-01,2025-08-01,1,3,ridge_imports_only,49.492,45.73129335386625,,,53,-3.760706646133748
2025-07-01,2025-08-01,1,3,seasonal_naive,49.492,49.103,,,53,-0.3889999999999958
2025-07-01,2025-08-01,1,3,persistence,49.492,48.051,,,53,-1.4409999999999954
2025-08-01,2025-09-01,1,3,ridge,46.914,45.39887257335218,,,54,-1.5151274266478225
2025-08-01,2025-09-01,1,3,ridge_imports_only,46.914,44.51065669587921,,,54,-2.4033433041207886
2025-08-01,2025-09-01,1,3,seasonal_naive,46.914,45.488,,,54,-1.426000000000002
2025-08-01,2025-09-01,1,3,persistence,46.914,46.6,,,54,-0.31400000000000006
2025-09-01,2025-10-01,1,3,ridge,48.357,45.228095357662134,,,55,-3.128904642337865
2025-09-01,2025-10-01,1,3,ridge_imports_only,48.357,44.82278164127924,,,55,-3.534218358720757
2025-09-01,2025-10-01,1,3,seasonal_naive,48.357,44.696,,,55,-3.6610000000000014
2025-09-01,2025-10-01,1,3,persistence,48.357,49.883,,,55,1.5260000000000034
2025-10-01,2025-11-01,1,3,ridge,50.891,45.99635142408879,,,56,-4.894648575911205
2025-10-01,2025-11-01,1,3,ridge_imports_only,50.891,45.5247095675101,,,56,-5.3662904324898975
2025-10-01,2025-11-01,1,3,seasonal_naive,50.891,48.521,,,56,-2.3699999999999974
2025-10-01,2025-11-01,1,3,persistence,50.891,47.201,,,56,-3.6899999999999977
2025-11-01,2025-12-01,1,3,ridge,55.963,45.83480972529385,,,57,-10.12819027470615
2025-11-01,2025-12-01,1,3,ridge_imports_only,55.963,45.17365507274095,,,57,-10.789344927259052
2025-11-01,2025-12-01,1,3,seasonal_naive,55.963,47.841,,,57,-8.122
2025-11-01,2025-12-01,1,3,persistence,55.963,49.492,,,57,-6.471000000000004
2026-02-01,2026-03-01,1,3,ridge,49.982,47.56002711531525,42.665378539404045,52.454675691226456,60,-2.421972884684749
2026-02-01,2026-03-01,1,3,ridge_imports_only,49.982,47.11518966623931,41.74889923374941,52.48148009872921,60,-2.8668103337606894
2026-02-01,2026-03-01,1,3,seasonal_naive,49.982,51.133,46.27,55.996,60,1.1510000000000034
2026-02-01,2026-03-01,1,3,persistence,49.982,50.891,44.284,57.498,60,0.9089999999999989
2026-03-01,2026-04-01,1,3,ridge,38.471,47.195428086234635,41.885226253997914,52.50562991847136,61,8.724428086234639
2026-03-01,2026-04-01,1,3,ridge_imports_only,38.471,47.402394340460035,41.75522250569765,53.04956617522242,61,8.931394340460038
2026-03-01,2026-04-01,1,3,seasonal_naive,38.471,48.051,42.516600000000004,53.5854,61,9.580000000000005
2026-03-01,2026-04-01,1,3,persistence,38.471,55.963,49.3696,62.556400000000004,61,17.492000000000004
2026-04-01,2026-05-01,1,3,ridge,33.081,49.93569133926324,44.62548950702653,55.24589317149996,61,16.85469133926324
2026-04-01,2026-05-01,1,3,ridge_imports_only,33.081,47.882923488893255,42.23575165413087,53.53009532365564,61,14.801923488893252
2026-04-01,2026-05-01,1,3,seasonal_naive,33.081,46.6,41.0656,52.1344,61,13.518999999999998
2026-04-01,2026-05-01,1,3,persistence,33.081,50.866,44.2726,57.4594,61,17.784999999999997
2026-05-01,2026-06-01,1,3,ridge,29.272,47.435060735031314,42.1248589027946,52.74526256726803,61,18.163060735031316
2026-05-01,2026-06-01,1,3,ridge_imports_only,29.272,46.48321393639967,40.83604210163729,52.130385771162054,61,17.211213936399673
2026-05-01,2026-06-01,1,3,seasonal_naive,29.272,49.883,44.348600000000005,55.4174,61,20.611000000000004
2026-05-01,2026-06-01,1,3,persistence,29.272,46.068,39.474599999999995,52.6614,61,16.796
2026-06-01,2026-07-01,1,3,ridge,35.726,46.69013075166749,41.42610150346694,51.95415999986804,62,10.96413075166749
2026-06-01,2026-07-01,1,3,ridge_imports_only,35.726,45.49098240619078,39.87501961612534,51.10694519625622,62,9.764982406190782
2026-06-01,2026-07-01,1,3,seasonal_naive,35.726,47.201,41.741200000000006,52.660799999999995,62,11.475000000000001
2026-06-01,2026-07-01,1,3,persistence,35.726,49.982,43.4022,56.5618,62,14.256
2024-01-01,2024-03-01,2,3,ridge,49.052,46.26418157550836,,,38,-2.7878184244916397
2024-01-01,2024-03-01,2,3,ridge_imports_only,49.052,45.28440710154516,,,38,-3.7675928984548364
2024-01-01,2024-03-01,2,3,seasonal_naive,49.052,52.308,,,38,3.2560000000000002
2024-01-01,2024-03-01,2,3,persistence,49.052,48.969,,,38,-0.08299999999999841
2024-02-01,2024-04-01,2,3,ridge,44.719,45.91583695866986,,,39,1.1968369586698557
2024-02-01,2024-04-01,2,3,ridge_imports_only,44.719,44.847105098446896,,,39,0.12810509844689477
2024-02-01,2024-04-01,2,3,seasonal_naive,44.719,42.407,,,39,-2.3120000000000047
2024-02-01,2024-04-01,2,3,persistence,44.719,42.445,,,39,-2.274000000000001
2024-03-01,2024-05-01,2,3,ridge,46.967,44.603742378652775,,,40,-2.3632576213472234
2024-03-01,2024-05-01,2,3,ridge_imports_only,46.967,42.89263220617213,,,40,-4.074367793827868
2024-03-01,2024-05-01,2,3,seasonal_naive,46.967,51.444,,,40,4.477000000000004
2024-03-01,2024-05-01,2,3,persistence,46.967,48.361,,,40,1.3939999999999984
2024-04-01,2024-06-01,2,3,ridge,46.453,47.687262148110385,,,40,1.234262148110382
2024-04-01,2024-06-01,2,3,ridge_imports_only,46.453,45.12615418368125,,,40,-1.3268458163187518
2024-04-01,2024-06-01,2,3,seasonal_naive,46.453,52.062,,,40,5.608999999999995
2024-04-01,2024-06-01,2,3,persistence,46.453,46.99,,,40,0.536999999999999
2024-05-01,2024-07-01,2,3,ridge,42.338,42.45844395522822,,,40,0.12044395522821816
2024-05-01,2024-07-01,2,3,ridge_imports_only,42.338,42.741406887824674,,,40,0.4034068878246728
2024-05-01,2024-07-01,2,3,seasonal_naive,42.338,43.686,,,40,1.347999999999999
2024-05-01,2024-07-01,2,3,persistence,42.338,41.318,,,40,-1.0200000000000031
2024-06-01,2024-08-01,2,3,ridge,49.103,44.97909130365867,,,41,-4.123908696341331
2024-06-01,2024-08-01,2,3,ridge_imports_only,49.103,42.505769788130735,,,41,-6.597230211869267
2024-06-01,2024-08-01,2,3,seasonal_naive,49.103,52.804,,,41,3.7010000000000005
2024-06-01,2024-08-01,2,3,persistence,49.103,49.052,,,41,-0.05100000000000193
2024-07-01,2024-09-01,2,3,ridge,45.488,45.09545616657394,,,42,-0.3925438334260605
2024-07-01,2024-09-01,2,3,ridge_imports_only,45.488,44.31980952899808,,,42,-1.168190471001921
2024-07-01,2024-09-01,2,3,seasonal_naive,45.488,45.74,,,42,0.25200000000000244
2024-07-01,2024-09-01,2,3,persistence,45.488,44.719,,,42,-0.7689999999999984
2024-08-01,2024-10-01,2,3,ridge,44.696,44.44735243689049,,,43,-0.24864756310950753
2024-08-01,2024-10-01,2,3,ridge_imports_only,44.696,42.78181060999763,,,43,-1.9141893900023703
2024-08-01,2024-10-01,2,3,seasonal_naive,44.696,48.969,,,43,4.273000000000003
2024-08-01,2024-10-01,2,3,persistence,44.696,46.967,,,43,2.271000000000001
2024-09-01,2024-11-01,2,3,ridge,48.521,45.13031289841877,,,44,-3.3906871015812285
2024-09-01,2024-11-01,2,3,ridge_imports_only,48.521,44.109716845011306,,,44,-4.411283154988695
2024-09-01,2024-11-01,2,3,seasonal_naive,48.521,42.445,,,44,-6.0760000000000005
2024-09-01,2024-11-01,2,3,persistence,48.521,46.453,,,44,-2.067999999999998
2024-10-01,2024-12-01,2,3,ridge,47.841,44.65707981530859,,,45,-3.1839201846914094
2024-10-01,2024-12-01,2,3,ridge_imports_only,47.841,43.37067647685551,,,45,-4.4703235231444935
2024-10-01,2024-12-01,2,3,seasonal_naive,47.841,48.361,,,45,0.519999999999996
2024-10-01,2024-12-01,2,3,persistence,47.841,42.338,,,45,-5.503
2025-01-01,2025-03-01,2,3,ridge,51.133,46.090158609269075,,,48,-5.042841390730928
2025-01-01,2025-03-01,2,3,ridge_imports_only,51.133,44.754992734850084,,,48,-6.378007265149918
2025-01-01,2025-03-01,2,3,seasonal_naive,51.133,49.052,,,48,-2.081000000000003
2025-01-01,2025-03-01,2,3,persistence,51.133,44.696,,,48,-6.437000000000005
2025-02-01,2025-04-01,2,3,ridge,48.051,46.556148259618794,,,49,-1.4948517403812076
2025-02-01,2025-04-01,2,3,ridge_imports_only,48.051,45.957709396834126,,,49,-2.093290603165876
2025-02-01,2025-04-01,2,3,seasonal_naive,48.051,44.719,,,49,-3.3320000000000007
2025-02-01,2025-04-01,2,3,persistence,48.051,48.521,,,49,0.46999999999999886
2025-03-01,2025-05-01,2,3,ridge,46.6,46.69060659868261,,,50,0.09060659868261212
2025-03-01,2025-05-01,2,3,ridge_imports_only,46.6,45.17259158552814,,,50,-1.4274084144718628
2025-03-01,2025-05-01,2,3,seasonal_naive,46.6,46.967,,,50,0.36699999999999733
2025-03-01,2025-05-01,2,3,persistence,46.6,47.841,,,50,1.2409999999999997
2025-04-01,2025-06-01,2,3,ridge,49.883,47.18607337686713,,,50,-2.6969266231328746
2025-04-01,2025-06-01,2,3,ridge_imports_only,49.883,44.9206916508751,,,50,-4.962308349124903
2025-04-01,2025-06-01,2,3,seasonal_naive,49.883,46.453,,,50,-3.4299999999999997
2025-04-01,2025-06-01,2,3,persistence,49.883,43.963,,,50,-5.920000000000002
2025-05-01,2025-07-01,2,3,ridge,47.201,43.539954410931706,,,50,-3.6610455890682942
2025-05-01,2025-07-01,2,3,ridge_imports_only,47.201,44.02138484596535,,,50,-3.17961515403465
2025-05-01,2025-07-01,2,3,seasonal_naive,47.201,42.338,,,50,-4.8629999999999995
2025-05-01,2025-07-01,2,3,persistence,47.201,39.892,,,50,-7.3089999999999975
2025-06-01,2025-08-01,2,3,ridge,49.492,48.20429987275969,,,51,-1.2877001272403064
2025-06-01,2025-08-01,2,3,ridge_imports_only,49.492,45.083249201418184,,,51,-4.4087507985818135
2025-06-01,2025-08-01,2,3,seasonal_naive,49.492,49.103,,,51,-0.3889999999999958
2025-06-01,2025-08-01,2,3,persistence,49.492,51.133,,,51,1.6410000000000053
2025-07-01,2025-09-01,2,3,ridge,46.914,46.20240988424829,,,52,-0.7115901157517115
2025-07-01,2025-09-01,2,3,ridge_imports_only,46.914,45.350010754445904,,,52,-1.5639892455540974
2025-07-01,2025-09-01,2,3,seasonal_naive,46.914,45.488,,,52,-1.426000000000002
2025-07-01,2025-09-01,2,3,persistence,46.914,48.051,,,52,1.1370000000000005
2025-08-01,2025-10-01,2,3,ridge,48.357,46.54547111124163,,,53,-1.8115288887583674
2025-08-01,2025-10-01,2,3,ridge_imports_only,48.357,44.77390887736338,,,53,-3.583091122636617
2025-08-01,2025-10-01,2,3,seasonal_naive,48.357,44.696,,,53,-3.6610000000000014
2025-08-01,2025-10-01,2,3,persistence,48.357,46.6,,,53,-1.756999999999998
2025-09-01,2025-11-01,2,3,ridge,50.891,46.91512031531103,,,54,-3.9758796846889695
2025-09-01,2025-11-01,2,3,ridge_imports_only,50.891,45.58188660533391,,,54,-5.309113394666092
2025-09-01,2025-11-01,2,3,seasonal_naive,50.891,48.521,,,54,-2.3699999999999974
2025-09-01,2025-11-01,2,3,persistence,50.891,49.883,,,54,-1.0079999999999956
2025-10-01,2025-12-01,2,3,ridge,55.963,47.23394149874337,,,55,-8.729058501256631
2025-10-01,2025-12-01,2,3,ridge_imports_only,55.963,45.72793835119027,,,55,-10.235061648809733
2025-10-01,2025-12-01,2,3,seasonal_naive,55.963,47.841,,,55,-8.122
2025-10-01,2025-12-01,2,3,persistence,55.963,47.201,,,55,-8.762
2026-01-01,2026-03-01,2,3,ridge,49.982,48.25271543686415,,,58,-1.7292845631358489
2026-01-01,2026-03-01,2,3,ridge_imports_only,49.982,46.47891330804858,,,58,-3.5030866919514168
2026-01-01,2026-03-01,2,3,seasonal_naive,49.982,51.133,,,58,1.1510000000000034
2026-01-01,2026-03-01,2,3,persistence,49.982,48.357,,,58,-1.625
2026-02-01,2026-04-01,2,3,ridge,38.471,48.20280458457612,,,59,9.731804584576125
2026-02-01,2026-04-01,2,3,ridge_imports_only,38.471,47.199038068636185,,,59,8.728038068636188
2026-02-01,2026-04-01,2,3,seasonal_naive,38.471,48.051,,,59,9.580000000000005
2026-02-01,2026-04-01,2,3,persistence,38.471,50.891,,,59,12.420000000000002
2026-03-01,2026-05-01,2,3,ridge,33.081,47.89301373917977,43.67721177339948,52.108815704960065,60,14.812013739179768
2026-03-01,2026-05-01,2,3,ridge_imports_only,33.081,48.061365680941364,41.66143612111951,54.46129524076322,60,14.980365680941361
2026-03-01,2026-05-01,2,3,seasonal_naive,33.081,46.6,40.944300000000005,52.2557,60,13.518999999999998
2026-03-01,2026-05-01,2,3,persistence,33.081,55.963,49.43879999999999,62.48720000000001,60,22.881999999999998
2026-04-01,2026-06-01,2,3,ridge,29.272,49.8238586442979,45.608056678517606,54.039660610078194,60,20.5518586442979
2026-04-01,2026-06-01,2,3,ridge_imports_only,29.272,47.42375140730827,41.02382184748642,53.82368096713013,60,18.151751407308275
2026-04-01,2026-06-01,2,3,seasonal_naive,29.272,49.883,44.22730000000001,55.5387,60,20.611000000000004
2026-04-01,2026-06-01,2,3,persistence,29.272,50.866,44.34179999999999,57.39020000000001,60,21.594
2026-05-01,2026-07-01,2,3,ridge,35.726,45.670908700267596,41.4551067344873,49.88671066604789,60,9.944908700267597
2026-05-01,2026-07-01,2,3,ridge_imports_only,35.726,45.98139032932358,39.58146076950173,52.38131988914543,60,10.255390329323582
2026-05-01,2026-07-01,2,3,seasonal_naive,35.726,47.201,41.545300000000005,52.8567,60,11.475000000000001
2026-05-01,2026-07-01,2,3,persistence,35.726,46.068,39.54379999999999,52.592200000000005,60,10.341999999999999
2023-12-01,2024-03-01,3,3,ridge,49.052,43.29982851563186,,,37,-5.752171484368141
2023-12-01,2024-03-01,3,3,ridge_imports_only,49.052,43.81022053237202,,,37,-5.241779467627978
2023-12-01,2024-03-01,3,3,seasonal_naive,49.052,52.308,,,37,3.2560000000000002
2023-12-01,2024-03-01,3,3,persistence,49.052,45.74,,,37,-3.3119999999999976
2024-01-01,2024-04-01,3,3,ridge,44.719,45.317877082252586,,,38,0.5988770822525851
2024-01-01,2024-04-01,3,3,ridge_imports_only,44.719,45.16915588847839,,,38,0.45015588847839183
2024-01-01,2024-04-01,3,3,seasonal_naive,44.719,42.407,,,38,-2.3120000000000047
2024-01-01,2024-04-01,3,3,persistence,44.719,48.969,,,38,4.25
2024-02-01,2024-05-01,3,3,ridge,46.967,45.62106912780354,,,39,-1.3459308721964618
2024-02-01,2024-05-01,3,3,ridge_imports_only,46.967,45.358556656674274,,,39,-1.6084433433257246
2024-02-01,2024-05-01,3,3,seasonal_naive,46.967,51.444,,,39,4.477000000000004
2024-02-01,2024-05-01,3,3,persistence,46.967,42.445,,,39,-4.5219999999999985
2024-03-01,2024-06-01,3,3,ridge,46.453,43.63157778025997,,,40,-2.821422219740036
2024-03-01,2024-06-01,3,3,ridge_imports_only,46.453,43.013534378775205,,,40,-3.439465621224798
2024-03-01,2024-06-01,3,3,seasonal_naive,46.453,52.062,,,40,5.608999999999995
2024-03-01,2024-06-01,3,3,persistence,46.453,48.361,,,40,1.9079999999999941
2024-04-01,2024-07-01,3,3,ridge,42.338,47.16373428364881,,,40,4.825734283648806
2024-04-01,2024-07-01,3,3,ridge_imports_only,42.338,45.170854682100476,,,40,2.832854682100475
2024-04-01,2024-07-01,3,3,seasonal_naive,42.338,43.686,,,40,1.347999999999999
2024-04-01,2024-07-01,3,3,persistence,42.338,46.99,,,40,4.652000000000001
2024-05-01,2024-08-01,3,3,ridge,49.103,44.056641268366654,,,40,-5.046358731633347
2024-05-01,2024-08-01,3,3,ridge_imports_only,49.103,43.171831693153585,,,40,-5.931168306846416
2024-05-01,2024-08-01,3,3,seasonal_naive,49.103,52.804,,,40,3.7010000000000005
2024-05-01,2024-08-01,3,3,persistence,49.103,41.318,,,40,-7.785000000000004
2024-06-01,2024-09-01,3,3,ridge,45.488,42.98359131077856,,,41,-2.5044086892214423
2024-06-01,2024-09-01,3,3,ridge_imports_only,45.488,42.58294703103278,,,41,-2.905052968967219
2024-06-01,2024-09-01,3,3,seasonal_naive,45.488,45.74,,,41,0.25200000000000244
2024-06-01,2024-09-01,3,3,persistence,45.488,49.052,,,41,3.564
2024-07-01,2024-10-01,3,3,ridge,44.696,45.005863481796396,,,42,0.30986348179639833
2024-07-01,2024-10-01,3,3,ridge_imports_only,44.696,44.91663960477077,,,42,0.22063960477077416
2024-07-01,2024-10-01,3,3,seasonal_naive,44.696,48.969,,,42,4.273000000000003
2024-07-01,2024-10-01,3,3,persistence,44.696,44.719,,,42,0.02300000000000324
2024-08-01,2024-11-01,3,3,ridge,48.521,43.81100624978819,,,43,-4.709993750211808
2024-08-01,2024-11-01,3,3,ridge_imports_only,48.521,43.00715252165989,,,43,-5.513847478340111
2024-08-01,2024-11-01,3,3,seasonal_naive,48.521,42.445,,,43,-6.0760000000000005
2024-08-01,2024-11-01,3,3,persistence,48.521,46.967,,,43,-1.554000000000002
2024-09-01,2024-12-01,3,3,ridge,47.841,45.81623602564928,,,44,-2.0247639743507193
2024-09-01,2024-12-01,3,3,ridge_imports_only,47.841,44.69429681693047,,,44,-3.1467031830695333
2024-09-01,2024-12-01,3,3,seasonal_naive,47.841,48.361,,,44,0.519999999999996
2024-09-01,2024-12-01,3,3,persistence,47.841,46.453,,,44,-1.3879999999999981
2024-12-01,2025-03-01,3,3,ridge,51.133,45.99185167139911,,,47,-5.141148328600892
2024-12-01,2025-03-01,3,3,ridge_imports_only,51.133,45.621087809942445,,,47,-5.511912190057558
2024-12-01,2025-03-01,3,3,seasonal_naive,51.133,49.052,,,47,-2.081000000000003
2024-12-01,2025-03-01,3,3,persistence,51.133,45.488,,,47,-5.645000000000003
2025-01-01,2025-04-01,3,3,ridge,48.051,45.76967890915802,,,48,-2.2813210908419848
2025-01-01,2025-04-01,3,3,ridge_imports_only,48.051,45.21933110692427,,,48,-2.8316688930757294
2025-01-01,2025-04-01,3,3,seasonal_naive,48.051,44.719,,,48,-3.3320000000000007
2025-01-01,2025-04-01,3,3,persistence,48.051,44.696,,,48,-3.355000000000004
2025-02-01,2025-05-01,3,3,ridge,46.6,45.60650141395385,,,49,-0.9934985860461509
2025-02-01,2025-05-01,3,3,ridge_imports_only,46.6,45.331257051081494,,,49,-1.2687429489185078
2025-02-01,2025-05-01,3,3,seasonal_naive,46.6,46.967,,,49,0.36699999999999733
2025-02-01,2025-05-01,3,3,persistence,46.6,48.521,,,49,1.9209999999999994
2025-03-01,2025-06-01,3,3,ridge,49.883,46.11362238727311,,,50,-3.769377612726892
2025-03-01,2025-06-01,3,3,ridge_imports_only,49.883,45.730896861599824,,,50,-4.152103138400179
2025-03-01,2025-06-01,3,3,seasonal_naive,49.883,46.453,,,50,-3.4299999999999997
2025-03-01,2025-06-01,3,3,persistence,49.883,47.841,,,50,-2.0420000000000016
2025-04-01,2025-07-01,3,3,ridge,47.201,46.748580117844014,,,50,-0.4524198821559864
2025-04-01,2025-07-01,3,3,ridge_imports_only,47.201,45.37083465968317,,,50,-1.8301653403168316
2025-04-01,2025-07-01,3,3,seasonal_naive,47.201,42.338,,,50,-4.8629999999999995
2025-04-01,2025-07-01,3,3,persistence,47.201,43.963,,,50,-3.2379999999999995
2025-05-01,2025-08-01,3,3,ridge,49.492,45.451241893085076,,,50,-4.040758106914922
2025-05-01,2025-08-01,3,3,ridge_imports_only,49.492,44.534307228015884,,,50,-4.957692771984114
2025-05-01,2025-08-01,3,3,seasonal_naive,49.492,49.103,,,50,-0.3889999999999958
2025-05-01,2025-08-01,3,3,persistence,49.492,39.892,,,50,-9.599999999999994
2025-06-01,2025-09-01,3,3,ridge,46.914,44.67204993751032,,,51,-2.2419500624896784
2025-06-01,2025-09-01,3,3,ridge_imports_only,46.914,44.08108601321371,,,51,-2.832913986786295
2025-06-01,2025-09-01,3,3,seasonal_naive,46.914,45.488,,,51,-1.426000000000002
2025-06-01,2025-09-01,3,3,persistence,46.914,51.133,,,51,4.219000000000001
2025-07-01,2025-10-01,3,3,ridge,48.357,46.18966226321241,,,52,-2.1673377367875872
2025-07-01,2025-10-01,3,3,ridge_imports_only,48.357,46.02045050554816,,,52,-2.3365494944518375
2025-07-01,2025-10-01,3,3,seasonal_naive,48.357,44.696,,,52,-3.6610000000000014
2025-07-01,2025-10-01,3,3,persistence,48.357,48.051,,,52,-0.3059999999999974
2025-08-01,2025-11-01,3,3,ridge,50.891,46.619854175492016,,,53,-4.2711458245079825
2025-08-01,2025-11-01,3,3,ridge_imports_only,50.891,45.766886123730934,,,53,-5.124113876269064
2025-08-01,2025-11-01,3,3,seasonal_naive,50.891,48.521,,,53,-2.3699999999999974
2025-08-01,2025-11-01,3,3,persistence,50.891,46.6,,,53,-4.290999999999997
2025-09-01,2025-12-01,3,3,ridge,55.963,46.42222152339975,,,54,-9.540778476600252
2025-09-01,2025-12-01,3,3,ridge_imports_only,55.963,45.87946388255665,,,54,-10.083536117443352
2025-09-01,2025-12-01,3,3,seasonal_naive,55.963,47.841,,,54,-8.122
2025-09-01,2025-12-01,3,3,persistence,55.963,49.883,,,54,-6.079999999999998
2025-12-01,2026-03-01,3,3,ridge,49.982,47.55937526642412,,,57,-2.42262473357588
2025-12-01,2026-03-01,3,3,ridge_imports_only,49.982,47.008964173203346,,,57,-2.9730358267966537
2025-12-01,2026-03-01,3,3,seasonal_naive,49.982,51.133,,,57,1.1510000000000034
2025-12-01,2026-03-01,3,3,persistence,49.982,46.914,,,57,-3.067999999999998
2026-01-01,2026-04-01,3,3,ridge,38.471,47.0747984200143,,,58,8.6037984200143
2026-01-01,2026-04-01,3,3,ridge_imports_only,38.471,46.450612492021236,,,58,7.979612492021239
2026-01-01,2026-04-01,3,3,seasonal_naive,38.471,48.051,,,58,9.580000000000005
2026-01-01,2026-04-01,3,3,persistence,38.471,48.357,,,58,9.886000000000003
2026-02-01,2026-05-01,3,3,ridge,33.081,47.009377020230744,,,59,13.92837702023074
2026-02-01,2026-05-01,3,3,ridge_imports_only,33.081,46.5868397597995,,,59,13.5058397597995
2026-02-01,2026-05-01,3,3,seasonal_naive,33.081,46.6,,,59,13.518999999999998
2026-02-01,2026-05-01,3,3,persistence,33.081,50.891,,,59,17.809999999999995
2026-03-01,2026-06-01,3,3,ridge,29.272,48.18555798495987,42.983307340782254,53.38780862913749,60,18.913557984959873
2026-03-01,2026-06-01,3,3,ridge_imports_only,29.272,48.58497857724629,43.02939901605555,54.14055813843703,60,19.31297857724629
2026-03-01,2026-06-01,3,3,seasonal_naive,29.272,49.883,44.22730000000001,55.5387,60,20.611000000000004
2026-03-01,2026-06-01,3,3,persistence,29.272,55.963,49.7125,62.2135,60,26.691000000000003
2026-04-01,2026-07-01,3,3,ridge,35.726,50.52709977407754,45.324849129899924,55.72935041825516,60,14.801099774077542
2026-04-01,2026-07-01,3,3,ridge_imports_only,35.726,48.86679164321743,43.31121208202669,54.42237120440817,60,13.140791643217433
2026-04-01,2026-07-01,3,3,seasonal_naive,35.726,47.201,41.545300000000005,52.8567,60,11.475000000000001
2026-04-01,2026-07-01,3,3,persistence,35.726,50.866,44.6155,57.1165,60,15.14
